post_id,post_text,post_time,post_image,post_image_description,post_url,Unnamed: 6,ocr_text
1474638926797903,"""M√¨nh s·∫Ω c·ªë g·∫Øng ti·∫øt ki·ªám""  T√¥i khi c√≥ ti·ªÅn:",2023-09-06 20:31:23,,['C√≥ th·ªÉ l√† h√¨nh ·∫£nh v·ªÅ 1 ng∆∞·ªùi v√† vƒÉn b·∫£n'],https://m.facebook.com/groups/625122365082901/permalink/1474638926797903/,,['Dibluishx']
3507067906284386,linh ∆°i l√† linh üêß,2023-04-30 12:51:06,,['Kh√¥ng c√≥ m√¥ t·∫£ ·∫£nh.'],https://m.facebook.com/groups/tiemtaphoameme/permalink/3507067906284386/,,"['Vi·ªát T√¢n', '1,2 tri·ªáu ng∆∞·ªùi th√≠ch Trang n√†y, bao g·ªìm Linh L√† Sv', 'T·ªï ch·ª©c c·ªông ƒë·ªìng', 'XEM TRANG C√Å NH√ÇN']"
918584235491787,Mong ad duy·ªát ·∫°!,2022-01-20 21:04:51,,['Kh√¥ng c√≥ m√¥ t·∫£ ·∫£nh.'],https://m.facebook.com/groups/vietnammemes/permalink/918584235491787/,,"['Nh√¨n m·∫∑t c≈©ng chi·∫øn ƒë·∫•y', 'Th·ªÉ ƒë√£ bao gi·ªù ƒÉn', 'thanh long m√† b√≤ h·∫°t', 'ch∆∞a?']"
6541618795850378,t∆∞·ªüng tr√∫ng v√© s·ªë :)),2023-05-16 13:06:33,,['Kh√¥ng c√≥ m√¥ t·∫£ ·∫£nh.'],https://m.facebook.com/groups/3162507603761531/permalink/6541618795850378/,,"['S√ÅNG H√îM', 'ƒê√ì , B·ªê T√îI', 'CHO 200K', 'TI√äU V·∫∂T THAY', 'V√å 1·ªêK V√Ä', 'D·∫∂N T√îI S·ªêNG', 'CHO TH·∫¨T T·ªêT', 'C', 'CHI·ªÄU', 'H√îM ƒê√ì, B·ªê', 'T√îI B·ªé', 'NH√Ä TR·ªîN N·ª¢']"
6924221144256806,Hm,2023-09-03 12:50:01,,"[""C√≥ th·ªÉ l√† h√¨nh ·∫£nh v·ªÅ vƒÉn b·∫£n cho bi·∫øt 'con gi·∫≠n con l·ª° to ti·∫øng v·ªõi m·∫π m·∫π ƒëi ch·ª£ v·ªÅ v·∫´n mua cho nhi·ªÅu bim bim'""]",https://m.facebook.com/groups/3162507603761531/permalink/6924221144256806/,,"['con gi√¢n c√≤n l·ªô to', 'm·∫π ƒëi ch·ª£ v·ªÅ v·∫´n mua', 'cho nhi·ªÅu bim bim']"
3073801072944407,#stolen,2021-11-02 07:09:56,,['Kh√¥ng c√≥ m√¥ t·∫£ ·∫£nh.'],https://m.facebook.com/groups/tiemtaphoameme/permalink/3073801072944407/,,"['ICKE', 'EXHALEEE']"
3385082345149610,,2022-11-27 13:52:36,,['Kh√¥ng c√≥ m√¥ t·∫£ ·∫£nh.'],https://m.facebook.com/groups/tiemtaphoameme/permalink/3385082345149610/,,"['C√°c n·ªÅn t·∫£ng stream', 'C√°i bƒÉng ho·∫°t h√¨nh c≈©', 'b√¢y gi·ªù', '·ªü g√≥c nh√†', 'hulummu', '5 tubi', 'patv4 r', 'STARZ HAY', 'B·∫°n ƒë√£ m·∫•t k·∫øt n·ªëi', 'ƒê√¢y l√† ƒëo·∫°n b·∫°n', 'ƒëang xem d·ªü c·ªßa', '0,3 gi√¢y n√™n t√¥i', 'kh√¥ng th·ªÉ t√¨m ƒë∆∞·ª£c', 'Tom v√† Jerry 10', 'nƒÉm tr∆∞·ªõc', 'ƒëo·∫°n b·∫°n ƒëang xem', 'Vanhgnd', 'We Moke Memes']"
3527972387527271,,2023-05-30 10:51:16,,['Kh√¥ng c√≥ m√¥ t·∫£ ·∫£nh.'],https://m.facebook.com/groups/tiemtaphoameme/permalink/3527972387527271/,,['Top 5: Anh khong hut thuoc']
1400169414244855,,2023-06-05 20:45:13,,['Kh√¥ng c√≥ m√¥ t·∫£ ·∫£nh.'],https://m.facebook.com/groups/625122365082901/permalink/1400169414244855/,,"['Top 10:Em yeu anh rat nhieu', 'bat tay hop tac', 'chit phat lu lun', 'nguoi yeu oi', 'yeu minh em duoc ko']"
4675902525835671,,2021-11-12 13:23:37,,['Kh√¥ng c√≥ m√¥ t·∫£ ·∫£nh.'],https://m.facebook.com/groups/groupnaykhonghevui/permalink/4675902525835671/,,"['VinaPhone', '21:21', '144%', 'VIN', 'K·ª∑ l·ª•c ng·ªß c·ªßa m·ªçi ng∆∞·ªùi l√† bao nhi√™u', 'gi·ªù m·ªõi ch·ªãu th·ª©c nh·ªâ?', 'T√¥i tr∆∞·ªõc nh√©: T·ª´ 7h t·ªëi h√¥m tr∆∞·ªõc ƒë·∫øn', '10h t·ªëi h√¥m sau', 'T·ªïng c·ªông l√† 27h (1 l·∫ßn nh·ªõ m√£i trong', 'ƒë·ªùi)', 'Th·∫ø th√¨ c≈©ng gh√™ ƒë·∫•y', 'Nh∆∞ng √¥ng c√≥ ƒë∆∞·ª£c √¥m ny ng·ªß 8 thuy', 'ti·∫øng m·ªói ng√†y k ?', '180', 'Tr·∫£ l·ªùi Xem th√™m', '14 ph√∫t Haha', '393 b√¨nh lu·∫≠n 156 l∆∞·ª£t chia s·∫ª', '8,3K', 'B√¨nh lu·∫≠n', 'Chia s·∫ª', 'Haha', 'Hai Nguyen', 'me t√¥i ng·ªß t·ª´ 8 r∆∞·ªùi ng√†y 24 t·ªõi b√¢y', 'gi·ªùi', 'Bu·ªìn', 'Tr·∫£ l·ªùi', '48']"
3184613225196524,,2022-03-28 22:29:47,,['Kh√¥ng c√≥ m√¥ t·∫£ ·∫£nh.'],https://m.facebook.com/groups/tiemtaphoameme/permalink/3184613225196524/,,"['T·∫†P HO√ÅMEME', 'N√∫t join to ƒë√πng ngay ph√≠a d∆∞·ªõi']"
3138216189656299,T·ªôi cho thanh ni√™n ·∫•y:)),2023-08-13 10:48:57,,['Kh√¥ng c√≥ m√¥ t·∫£ ·∫£nh.'],https://m.facebook.com/groups/3004858506325402/permalink/3138216189656299/,,"['THANH NI√äN DUY NH·∫§T G·∫¶N C√ô', 'SI√äNG NƒÇNG M√Ä D·∫™N ƒÇN', '00']"
4118682058144076,Only 600$ to unlock both #TAJ,2021-03-22 18:34:44,,['Kh√¥ng c√≥ m√¥ t·∫£ ·∫£nh.'],https://m.facebook.com/groups/3162507603761531/permalink/4118682058144076/,,"['Tom and', 'Jerry', 'Memefor', 'Lostsout', 'Tom and', 'G', 'S340', 'Jzarry', 'G', 'S350']"
885065375510340,Tpose,2021-11-27 02:50:46,,['Kh√¥ng c√≥ m√¥ t·∫£ ·∫£nh.'],https://m.facebook.com/groups/vietnammemes/permalink/885065375510340/,,"['kh√¥ng m·ªôt ai: - tti v·ª´a nh·∫≠n ra', 't·∫≠p n√†y b·ªçn n√†o', 'c≈©ng T-posex']"
894503551233189,,2021-12-12 20:14:43,,['Kh√¥ng c√≥ m√¥ t·∫£ ·∫£nh.'],https://m.facebook.com/groups/vietnammemes/permalink/894503551233189/,,"['2 c√°i b√∫t c·ªßa t√¥i', 'trong gi·ªù h·ªçc ki·ªÉu:']"
3559631964361313,,2023-07-11 22:51:29,,['Kh√¥ng c√≥ m√¥ t·∫£ ·∫£nh.'],https://m.facebook.com/groups/tiemtaphoameme/permalink/3559631964361313/,,"['H·ªça sƒ© v·∫Ω hentai nam', 'nghi√™n c·ª©u v·ªÅ ng·ª±c', 'ƒë·ªÉ c√≥ t√†i li·ªáu v·∫Ω h√†ng', 'ti·∫øng ƒë·ªìng h·ªì', 'H·ªça sƒ© v·∫Ω hentai n·ªØ', 'ng∆∞·ªùi c√≥ ƒë·ªß c√°c tt√†i li·ªáu?', 'ƒë·ªÉ t·ª± v·∫Ω v√† t·ª± c·∫£m nh·∫≠n', 'GROUPNAY', 'KH√îNG H√äVUI']"
3084593978531783,#stolen,2021-11-15 19:56:05,,['Kh√¥ng c√≥ m√¥ t·∫£ ·∫£nh.'],https://m.facebook.com/groups/tiemtaphoameme/permalink/3084593978531783/,,"['Ph·ª• huynh & Gi√°o vi√™n', 'b√¢y gi·ªù:', 'C√¥ d√°m ƒë√°nh con t√¥i √†? C√¥ d√°m', 'd·ª•ng v√†o th·∫≠n th·∫ø ngo√†i ngh qu√Ω', ""Huhu' Ch·ªã cho em xin th"", 'm∆∞·ªùi m·∫•y n·∫Øm tr·ªùi t√¥i c√≤n ch∆∞a', 'l·ªói. Mong ch·ªã b√¨nh tƒ©nh', 'd√°m ƒë·ª•ng v√†o m·ªôt s·ª£i t√≥c c·ªßa', 'v√† tha th·ª© cho em ·∫°i', 'th·∫≥ng b√© m√† c√¥, m·ªôt k·∫ª ngo·∫°i t·ªôc', 'Trong bi thu nhi·∫øt ƒë∆∞·ª£c th·∫ø thi·∫øt ƒë∆∞·ª£c ng∆∞·ªùi n√≥', 'sao7 T√¥i s·∫Ω ki·ªán c√¥ v√† c·∫£ c√°i tr∆∞·ªùng', 'n√†y ra cho To√† √°n x·ª≠ l√≠', 'Ph·ª• huynh & Gi√°o vi√™n', 'ng·∫•y tr∆∞·ªõc:', 'Hibuckodinson', 'hocsinh']"
3054065091584672,True,2021-10-08 05:26:13,,['Kh√¥ng c√≥ m√¥ t·∫£ ·∫£nh.'],https://m.facebook.com/groups/tiemtaphoameme/permalink/3054065091584672/,,"['V·ªá sinh n·ªØ', 'V·ªá sinh nam']"
6672504102842160,,2023-08-10 20:29:49,,['Kh√¥ng c√≥ m√¥ t·∫£ ·∫£nh.'],https://m.facebook.com/groups/groupnaykhonghevui/permalink/6672504102842160/,,"['8:06', 'Troll C·ªôt D√¢y V√†o Ca Th√°ng Em/Ert', 'Lu√¥n Con Ca', 'C∆∞·ªùng Ng·ªë Vlogs P3 Kiew 1 19 19 19 19 19 19 19 19 19 19 1991']"
1517144302547365,Haizzz,2023-11-11 21:21:17,,"[""C√≥ th·ªÉ l√† h√¨nh ·∫£nh v·ªÅ vƒÉn b·∫£n cho bi·∫øt 'T√¥i t·ªè t√¨nh em. Em ch·ª•p m√†n h√¨nh g·ª≠i cho b·∫°n xem:)) xem'""]",https://m.facebook.com/groups/625122365082901/permalink/1517144302547365/,,"['T√¥i t·ªè t√¨nh em.', 'Em ch·ª•p m√†n h√¨nh g·ª≠i', 'cho b·∫°n xem :)']"
904094406940770,,2021-12-28 17:11:23,,['Kh√¥ng c√≥ m√¥ t·∫£ ·∫£nh.'],https://m.facebook.com/groups/vietnammemes/permalink/904094406940770/,,"['B·ªåN TR·ªÄ TH·ªúI N·∫†Y L·∫¶M', 'SAO BI·∫æT ƒê∆Ø·ª¢C', '40.000 NƒÇM TR∆Ø·ªöC VUI', 'NH∆Ø N√ÄO']"
4299187723507155,Do Th√°i nh·∫≠t b·∫£n,2021-07-15 01:57:22,,['Kh√¥ng c√≥ m√¥ t·∫£ ·∫£nh.'],https://m.facebook.com/groups/groupnaykhonghevui/permalink/4299187723507155/,,"['- C·ªë th·ªß trong', 'L√≠nh Nh·∫≠t:', 'l√¥ c·ªët%', 'Thu·ª∑ qu√¢n l·ª•c chi·∫øn M·ªπ:', 'Chu·∫©n b·ªã cho M√≥n Th·ªãt', 'Nh·∫≠t n∆∞·ªõng n√†oll']"
3142177536106760,,2022-02-01 14:11:31,,['Kh√¥ng c√≥ m√¥ t·∫£ ·∫£nh.'],https://m.facebook.com/groups/tiemtaphoameme/permalink/3142177536106760/,,"['Mom', 'T√¥i', 'Giao ti·∫øp v·ªõi ho']"
2850169838458038,Tui m·ªù √™ c√°i c√°ch ƒë√≥ qu√°aaa ƒëi m·∫•y b√† ∆°i #lennhaminh #moclen #moclenhandmade #b√≥hoalen #hoalen #qu√†2010 #meme,2023-10-19 12:42:25,,"[""C√≥ th·ªÉ l√† h√¨nh ·∫£nh v·ªÅ 1 ng∆∞·ªùi v√† vƒÉn b·∫£n cho bi·∫øt 'M√™ c√°i c√°ch m·∫•y anh than h·∫øt ti·ªÅn m√† v·∫´n ƒë·∫∑t m·∫•y b√≥ hoa len cho ng∆∞·ªùi y√™u'""]",https://m.facebook.com/groups/2638581819616842/permalink/2850169838458038/,,"['M√™ c√°i c√°ch m·∫•y anh than h·∫øt ti·ªÅn', 'm√† v·∫´n ƒë·∫∑t m·∫•y b√≥ hoa len cho ng∆∞·ªùi y√™u']"
1444821403112989,ƒê·ª©a con ƒë√°ng ƒë·ªìng ti·ªÅn b√°c g·∫°o qu√° :((,2023-08-04 19:31:35,,['Kh√¥ng c√≥ m√¥ t·∫£ ·∫£nh.'],https://m.facebook.com/groups/625122365082901/permalink/1444821403112989/,,"['va khjem thanh', 'Chp Cup Cut Th·ª≠ m·∫´u n√†y v∆∞∆°ng sa', '73', '·ªû Lack, ƒêai b∆∞, Amyl', '3 ng√†y tr∆∞·ªõc', 'M√¨nh ƒë√£ kh√≥c c·∫£ ng√†y v√¨ b·ªë me ko cho', 'ƒëi concert c·ªßa Blackpink m√¨nh gh√©t b·ªë', '164', 'm·∫π v√† Vn v√¨ b√°n gi√° v√© cao t·∫≠n tr·ªùi', 'v√† c·ª© tranh T√¢y Sa Nam Sa v·ªõi Trung', '11', 'Qu·ªëc. L√†m cho Blackpink ph·∫£i ch·ªãu', 'nhi·ªÅu l√πm s√πm v·ªÅ chuy·ªán qu·∫ßn ƒë·∫£o.', 'N·∫øu c√≥ 1 ƒëi·ªÅu ∆∞·ªõc th√¨ m√¨nh s·∫Ω ko', 'c·∫ßn l√†m con c·ªßa th·∫Øng cha v√†', '28', 'c·ªßa m√¨nh, v√† c≈©ng kh√¥ng sinh t·∫°i Vn', 'Atblackpinkinyourareate', 'HConcert', '√Çn']"
1349604342634696,,2023-03-18 00:20:02,,['Kh√¥ng c√≥ m√¥ t·∫£ ·∫£nh.'],https://m.facebook.com/groups/625122365082901/permalink/1349604342634696/,,['C√≥ b·∫£n lƒ©nh th√¨ l√†m s√©c h·∫πn h√≤']
4691876017571655,ƒêc h·∫£o H√°n =)))),2021-11-17 13:52:10,,['Kh√¥ng c√≥ m√¥ t·∫£ ·∫£nh.'],https://m.facebook.com/groups/groupnaykhonghevui/permalink/4691876017571655/,,"['Lry ƒë·ªÉ c√≥ nhi·ªÅu xi·ªÖn', '/1 / uuangxom', 'Ch·ª© ngh√®o l·∫ßm r·ªìi', 'Th√≠ch', 'B√¨nh lu·∫≠n ƒë', '52', 'Ph√π h·ª£p nh·∫•t', 'V≈© Th≈©·∫≠n', 'ƒêi c∆∞·ªõp b·∫°n oi 01', 'Th√≠ch', 'Tr√† l·ªùi', '6 ng√†y', 'T√°c ni√†', ""Minh Co'n"", 'V≈© Thu·∫≠n ok b ∆°i']"
4259472740731673,,2021-05-09 13:24:14,,['Kh√¥ng c√≥ m√¥ t·∫£ ·∫£nh.'],https://m.facebook.com/groups/3162507603761531/permalink/4259472740731673/,,"['M·ªòT C√ÇU CHUY·ªÜN C·∫¢M ƒê·ªòNG', 'Kho·∫£nh kh·∫Øc anh', 'l√≠nh tr·ªü v·ªÅ sau', '3 nƒÉm ƒëi nghƒ©a v·ª•', 'v√† g·∫∑p ƒë·ª©a con', '2 th√°ng tu·ªïi c·ªßa', 'minh', 'ARM']"
3080851108906070,Ph√©p m√†u j ƒë√¢y :))),2021-11-11 07:24:17,,['Kh√¥ng c√≥ m√¥ t·∫£ ·∫£nh.'],https://m.facebook.com/groups/tiemtaphoameme/permalink/3080851108906070/,,"['C·∫¢NH S√ÅT NH·∫¨T B·∫¢N B·∫Æ. N ƒê·∫†. NGON V√ÄO √î T√î', 'C·ª¶A T·ªòI PH·∫†M ƒê·ªÇ CH√öNG D·ªÑ NH·∫¨N DI·ªÜN KHI TRUY ƒêU·ªîI', 'David', 'ban b·ªóng nhi√™n chi·∫øc xe tƒÉng t·ªëc nhanh kh√¥ng t∆∞·ªüng thuy']"
519073653386645,b√©t fen #cheemplus,2023-01-14 20:00:03,,['Kh√¥ng c√≥ m√¥ t·∫£ ·∫£nh.'],https://m.facebook.com/groups/109979550962726/permalink/519073653386645/,,"['- Khi b·∫°n tui r·ªß ƒëi ƒÉn nh∆∞ng tui', 'kh√¥ng c√≥ ti·ªÅn', 'N√≥:', '""Tao bao""', 'Tui:']"
3147731208704797,Keo con,2023-08-25 18:45:44,,['C√≥ th·ªÉ l√† h√¨nh v·∫Ω ng·∫´u h·ª©ng v·ªÅ 1 ng∆∞·ªùi v√† vƒÉn b·∫£n'],https://m.facebook.com/groups/3004858506325402/permalink/3147731208704797/,,"['1', '19', 'ƒê·ª™NG', 'CHM', 'v√†o Tro', 'TH·∫¨T', 'KINH', 'ƒê√É WIBU', 'T·ªûN', 'C·ªíN KEO', 'CON.']"
6463219053690353,#mongadduyet Meme tu lam,2023-04-22 21:33:21,,['Kh√¥ng c√≥ m√¥ t·∫£ ·∫£nh.'],https://m.facebook.com/groups/3162507603761531/permalink/6463219053690353/,,"['Nghe noi em th√≠ch an t√¥m', 'vay de anh cho em an', 'T√¥m daymmnh']"
1226875291329345,Ch·∫°m ƒë·ªÉ th·∫•y t∆∞∆°ng lai g·∫ßn,2023-05-30 21:44:21,,['Kh√¥ng c√≥ m√¥ t·∫£ ·∫£nh.'],https://m.facebook.com/groups/vietnammemes/permalink/1226875291329345/,,
3285281261796386,,2022-08-01 20:53:55,,['Kh√¥ng c√≥ m√¥ t·∫£ ·∫£nh.'],https://m.facebook.com/groups/tiemtaphoameme/permalink/3285281261796386/,,"['typical g·∫∑p gi√°n', 'kill', 't·ªè ra kh√¥ng s·ª£', 'gi√°n l√† con g√¨', 'xch·∫°y', 'ch√∫ ch√≥ ƒëang c·ªë b·∫£o', 'La h√©t h·∫øt', 'v·ªá t√¥i', 'm·ª©c c√≥ th·ªÉ', 'toanbaby']"
1356158668645930,T t·ªët nha anh em,2023-03-28 19:12:53,,['Kh√¥ng c√≥ m√¥ t·∫£ ·∫£nh.'],https://m.facebook.com/groups/625122365082901/permalink/1356158668645930/,,"['L·ªõp t√¥i m·ªói khi t·ª±', 'b√¨nh x√©t h·∫°nh ki·ªÉm', 'c√° nh√¢n:']"
4034436853235264,,2021-02-22 17:03:23,,['Kh√¥ng c√≥ m√¥ t·∫£ ·∫£nh.'],https://m.facebook.com/groups/3162507603761531/permalink/4034436853235264/,,"['Th·∫≥ng ƒÉn tr·ª±c nh·∫•t l·ªõp', 'b·ªã chuy·ªÉn l√™n b√†n nh·∫•t', 'N√≥ khi nghe t√¥i khui b·ªãch snack', 'BUCK']"
5567745899904344,a-anh dong y lam nguoi yeu em nha,2022-07-01 21:30:30,,['Kh√¥ng c√≥ m√¥ t·∫£ ·∫£nh.'],https://m.facebook.com/groups/3162507603761531/permalink/5567745899904344/,,['moow']
6464819436863648,"meme ƒë·∫ßu tay, mong ad duy·ªát ·∫°",2023-04-23 10:27:08,,['Kh√¥ng c√≥ m√¥ t·∫£ ·∫£nh.'],https://m.facebook.com/groups/3162507603761531/permalink/6464819436863648/,,"['T√¥i ƒëang c·ªï gi·∫£i th√≠ch', 'r·∫±ng kh√¥ng c√≥ c√°i g√¨ l√†', 'm√†y v·ª´a n√≥i ra ƒë·∫•y th√¥i', 'ƒë√∫ng tuy·ªát ƒë·ªëi c·∫£', 'E']"
3308467079477804,,2022-08-31 18:32:20,,['Kh√¥ng c√≥ m√¥ t·∫£ ·∫£nh.'],https://m.facebook.com/groups/tiemtaphoameme/permalink/3308467079477804/,,"['Nh·ªØng ki·ªÉu ng∆∞·ªùi ch∆°i ƒë√° b√≥ng th∆∞·ªùng', 'g·∫∑p', 'Pro', 'd√¢n th∆∞·ªùng', 'Toxic', '- Ch∆°i cho vui', '- C√¢n ƒëc m·ªçi v·ªã tr√≠ trong', 'Th·∫Øng th√¨ g√°y, thua th√¨', 'th·∫Øng thua ko', 'tr·∫≠n ƒë·∫•u', 'c·ªë g·∫Øng b√†o ch·ªØa', '- Hay c√≥ highlight trong - Ch·ª≠i t·ª´ ƒë·∫ßu tr·∫≠n ƒë·∫øn', 'quan tr·ªçng', 'c√°c tr·∫≠n ƒë√° b√≥ng', 'cu·ªëi tr·∫≠n', 'Bao h anh em r√π ƒëi ƒë√°', 'Th∆∞·ªùng ƒëc anh em r·ªß ƒëi - Hay c√£i c√πn', 'th√¨ ƒëi', 'Th∆∞·ª£ng ƒë√¨nh l√† ch√¢n √°i ƒë√° k√®o v·ªõi c√°c l·ªõp kh√°c', 'D·ª± b·ªã', 'Ng∆∞·ªùi nh√† qu√™', 'Kh√°n gi·∫£', '- ƒê√° l√† ph·ª•, xem l√† - Hay ƒë·∫øn nh·∫ßm s√¢n - ƒê·∫øn xem nh∆∞ng ng·ªìi', 'ch√≠nh', 'Th∆∞·ªùng c√≥ nh·ªØng pha b√≥p', 'b·∫•m ƒëi·ªán tho·∫°i', 'Ko ƒëc ƒë√° v·∫´n ph·∫£i tr√† nhi', '""ditmetrongtai"""" -))', 'd√°i ƒë·ªìng ƒë·ªôi', 'ti·ªÅn s√¢n', 'Ng·ªìi ·ªü s√¢n ƒëc 1 l√∫c th√¨', 'ƒêang ng·ªìi y√™n b·ªã b√≥ng', 'ƒë·∫≠p v√†o m·∫∑t', 'nh·∫≠n ra hnay ko ph·∫£i ng√†y', 'ƒë√°', 'Simp l·ªèd', 'Ch·ªã em ph·ª• n·ªØ', 'Th∆∞∆°ng binh', 'Bao h ƒë√° xong cx', '- ƒê·∫øn s√¢n ng·ªìi ch·ª•p - ƒê·∫øn ch·ªß y·∫øu ƒë·ªÉ', 'th∆∞∆°ng t√≠ch ƒë·∫ßy ng∆∞·ªùi', 'ng·∫Øm g√°i', 'l√†nh up str', 'Hay b·ªã b√© B√≥ng-chan', 'L√∫c ·ªü ngo√†i s√¢n l√†m', 'Th∆∞·ªùng l√† fan ƒë√∫ m√†u cho c√°c ch·ªã em', 'h√¥n v√†o m·∫∑t', 'Hay ch·ªü ny ƒëi ƒë√° b√≥ng xem, ƒë·∫øn l√∫c v√†o ƒë√°', 'S·∫´n s√†ng ch·ª≠i b·∫•t k·ª≥ th·∫ßng', 'ncc', 'n√†o l·ª° l√†m ny n√≥ ng√£', 'Fan M·ªù-U', 'Ng∆∞·ªùi trong hang,', 'Ch√¢n ƒë·∫•t', 'Ch√≥', 'ƒÇn m√†y qu√° kh·ª©', 'g√¢u g√¢u ·∫≥ng ·∫≥ng - Thu·ªôc t·∫ßng l·ªõp ƒë√°y', '- ƒê·ªãt m·∫π th∆∞·ª£ng ƒë√¨nh', 'c·ªßa x√£ h·ªôi [n√™n m·ªõi', 'anh em tao ƒëi ch√¢n ƒë·∫•t', 's·∫Ω c·∫Øn n√°t b√≥ng c·ªßa', 'Hay b·ªã d·∫´m v√†o c√°c v·∫≠t', 'Tr p·∫ø tr p·∫ø ch·ªëng ƒë·∫•y:))', 'b·∫°n', 'th·ªÉ l·∫°', 'B·ªã b·∫≠t m√≥ng ch√¢n nh∆∞ 1 - hay ia ·ªü s√¢n b√≥ng', 'th√≥i quen']"
3093516640972850,#stolen,2021-11-27 18:38:30,,['Kh√¥ng c√≥ m√¥ t·∫£ ·∫£nh.'],https://m.facebook.com/groups/tiemtaphoameme/permalink/3093516640972850/,,"['ƒêang m·ªü mic h·ªçc th√¨ m·∫π la', '""SAO', 'M√ÄY ƒêI AA KO D·ªòI C·∫¶U?""', '3 CON B√ÄN B√äN', 'M·∫π ch√¥n con lun di']"
5586360068042927,M√ÉI L√Ä ANH EM ‚ô•Ô∏è,2022-07-08 16:47:14,,['Kh√¥ng c√≥ m√¥ t·∫£ ·∫£nh.'],https://m.facebook.com/groups/3162507603761531/permalink/5586360068042927/,,"['ƒêi ch∆°i v·ªÅ mu·ªôn v·ª£ kh√≥a tr√°i c·ª≠a g·ªçi', 'kh√¥ng nghe. May m√† th·∫≥ng b·∫°n th√¢n', 'ra m·ªü h·ªô c·ª≠a cho v√†o nh√†', '5', 'C', 'a', 'H·ªôi Huynh ƒê·ªá']"
3537476633243513,H·ªìi nh·ªè ki·ªÉu:,2023-06-12 02:26:56,,['Kh√¥ng c√≥ m√¥ t·∫£ ·∫£nh.'],https://m.facebook.com/groups/tiemtaphoameme/permalink/3537476633243513/,,"['Con g√°i', 'S', 'Milo', 'MILO', 'M√¨nh c≈©ng', 'm√¨nh th√≠ch', 'u·ªëng milo', 'v·∫≠y', 'Con trai', 'Milo', 'Milo', 'Tao c·ª© h√¨nh', 'Chu·∫©n', 'con trai tao', 'u·ªëng']"
3561279547529888,,2023-07-14 07:30:02,,['Kh√¥ng c√≥ m√¥ t·∫£ ·∫£nh.'],https://m.facebook.com/groups/tiemtaphoameme/permalink/3561279547529888/,,"['Ki·ªÅu ng∆∞·ªùi ch∆°i uno', 'Th·∫ßn b√†i', 'Thua 10 tr·∫≠n', 'G√°y', '-win h·ªô b·ªë', 'tr·∫≠n n√†o c≈©ng win', 'ch∆∞a bao gi·ªù chia b√†i', 'ƒÇn 6 l√° c·∫•m', 'Qu√™n uno', 'Nh√¨n b√†i th·∫Øng kh√°c', '- b·ªã c·∫•m ƒë·∫øn h·∫øt tr·∫≠n', 'Th·∫≥ng trong g√≥c', 'N√£o to', 'ƒÇN +4', 'ƒë√°nh gi·ªèi vi m√†', '- t√≠nh to√°n t·ª´ng l√° b√†i', '- tuy·ªát v·ªçng l·∫Øm dm', 'ko ƒë∆∞·ª£c ch∆°i', 'RUHAD', 'Simp', 'Crush', 'C√°i n√†y ch∆°i sao ?', '-gi·∫£ v·ªù ƒë√°nh ngu ƒë·ªÅ', '- th·∫Øng nh·ªù th·∫Øng simp', 'nh∆∞·ªùng cho crush']"
4910887695590171,,2021-12-06 09:34:33,,['Kh√¥ng c√≥ m√¥ t·∫£ ·∫£nh.'],https://m.facebook.com/groups/3162507603761531/permalink/4910887695590171/,,"['GREENLAND', 'ICELAND', 'STARECAT.COM']"
3549620838695759,meme n∆∞·ªõc ·ªëc 2,2023-06-28 19:40:48,,['Kh√¥ng c√≥ m√¥ t·∫£ ·∫£nh.'],https://m.facebook.com/groups/tiemtaphoameme/permalink/3549620838695759/,,"['t√¥i ch·ªçn kh·ªëi h·ªçc', 'c√≥ m√¥n t√¥i y√™u', 'th√≠ch', 'nh∆∞ng kh·ªëi ƒë√≥ l·∫°i', 'c√≥ m√¥n t√¥i gh√©t']"
5240406175971653,ƒê√†n √¥ng ƒëang ti·∫øn h√≥a ƒë·ªÉ kh√¥ng c√≤n ph·ª• thu·ªôc v√†o ph·ª• n·ªØ n·ªØa chƒÉng ü§®ü§®ü§®? #meme #mongaddduyet,2022-03-07 21:37:22,,"['C√≥ th·ªÉ l√† h√¨nh ·∫£nh v·ªÅ 2 ng∆∞·ªùi v√† vƒÉn b·∫£n cho bi·∫øt \'ƒê√ÄN √îNG NG√ÄY C√ÄNG KH√ÅC... ƒê√†n √¥ng c√≥ s·ªØa CUNARX √îngTho CCIP ƒê√†n √¥ng ""ch·ª≠a"" T\'']",https://m.facebook.com/groups/3162507603761531/permalink/5240406175971653/,,"['ƒê√ÄN √îNG NG√ÄY C√ÄNG KH√ÅC', 'ƒê√†n √¥ng c√≥ s·ªØa', 'OngTho', 'Mot', 'ƒê√†n √¥ng', '""ch·ª≠a""', 'f']"
5555297414482526,#Stolen,2022-06-27 14:38:03,,['Kh√¥ng c√≥ m√¥ t·∫£ ·∫£nh.'],https://m.facebook.com/groups/3162507603761531/permalink/5555297414482526/,,"['T√¥i v√† th·∫Øng em trai ƒë√£ c√≥ 1 cu·ªôc thi', 'xem ai nin th·ªü l√¢u h∆°n', 'V√† n√≥ ƒë√£ ·ªü ƒë√≥ nh∆∞ v·∫≠y ƒë∆∞·ª£c 6 ti·∫øng r·ªìi lan', 'c', 'T√¥i th·∫≠t s·ª± t·ª± h√†o v·ªÅ n√≥a', 'e']"
1512517599676702,Ki√™n nh·∫´n nh·∫Øc l·∫°i ƒë∆∞·ª£c hong,2023-11-03 20:59:24,,"['C√≥ th·ªÉ l√† h√¨nh ·∫£nh v·ªÅ 1 ng∆∞·ªùi v√† vƒÉn b·∫£n cho bi·∫øt \'Kh√¥ng ai c·∫£: Tui n√≥i ""h·∫£"" c·∫£ ch·ª•c l·∫ßn v√¨ tai tui kh√¥ng ho·∫°t ƒë·ªông\'']",https://m.facebook.com/groups/625122365082901/permalink/1512517599676702/,,"['Kh√¥ng ai c·∫£:', 'Tui n√≥i ""h√†"" c·∫£ ch·ª•c l·∫ßn v√¨', 'tai tui kh√¥ng ho·∫°t ƒë·ªông']"
6707772122568377,,2023-07-01 23:39:34,,['Kh√¥ng c√≥ m√¥ t·∫£ ·∫£nh.'],https://m.facebook.com/groups/3162507603761531/permalink/6707772122568377/,,"['Cu·ªëi c√πng, ng∆∞·ªùi b·ªë c≈©ng ƒë√£ t√¨m ra k·∫ª', 'ƒë√£ l√†m con g√°i m√¨nh c√≥ b·∫ßu']"
811443632872515,,2021-07-31 13:11:03,,['Kh√¥ng c√≥ m√¥ t·∫£ ·∫£nh.'],https://m.facebook.com/groups/vietnammemes/permalink/811443632872515/,,"['con ong ·ªü b√™n hoa k√¨ ƒë∆∞·ª£c g·ªçi', 'nh∆∞ th·∫ø n√†o?', 'USB', '+diepowo']"
889058525462191,Ayo wtf dude :)),2023-01-10 17:45:34,,['Kh√¥ng c√≥ m√¥ t·∫£ ·∫£nh.'],https://m.facebook.com/groups/551218279246219/permalink/889058525462191/,,"['Cock', 'Boobsor butt?', 'Waitit was', 'Wannase', 'k?', 'ajoke', 'myic', 'surprises', 'moonebole']"
347464894431601,ƒê·ª©a n√†o?,2023-11-06 08:54:56,,"[""C√≥ th·ªÉ l√† h√¨nh ·∫£nh v·ªÅ 1 ng∆∞·ªùi v√† vƒÉn b·∫£n cho bi·∫øt 'T√¥i b·ªë ∆°i,·ªü tr∆∞·ªùng c√≥ ƒë·ª©a b·∫Øt n·∫°t con. B·ªë: b·∫°n b√® tr√™u nhau t√≠ th√¥i m√†. B√†:'""]",https://m.facebook.com/groups/vnmeme/permalink/347464894431601/,,"['T√¥i: b·ªë ∆°i, t ∆∞·ªõng c√≥ ƒë·ª©a b·∫Øt n·∫°t', 'con.', 'B·ªë: b·∫°n b√® tr√™u nhau t√≠ th√¥i m√†.', '0', 'B√†:']"
5038008939625026,,2022-02-21 19:38:46,,['Kh√¥ng c√≥ m√¥ t·∫£ ·∫£nh.'],https://m.facebook.com/groups/groupnaykhonghevui/permalink/5038008939625026/,,"['C√¥ ·∫•y: th·∫≠t im l·∫∑ng, c√≥ l·∫Ω anh ·∫•y ƒëang', 'suy nghƒ© v·ªÅ m·ªôt ng∆∞·ªùi ph·ª• n·ªØ kh√°c 4', 'T√¥i: N·∫øu m√¨nh x√≥a th√πng r√°c ·ªü tr√™n', 'pc th√¨ n√≥ s·∫Ω ƒëi ƒë√¢u nh·ªâ 24', 'GROUPNEY', 'KH√îNGH√ä VUI']"
3435705553420622,C√≥ g√¨ ƒë√¢u m√† l√†m qu√° üòÖ,2023-01-24 21:13:42,,['Kh√¥ng c√≥ m√¥ t·∫£ ·∫£nh.'],https://m.facebook.com/groups/tiemtaphoameme/permalink/3435705553420622/,,"['ATTICHSOMONG', 'tr·ªùi ∆°i sao m√†y t·∫°t', 'n√≥ ƒë·∫•m con', 'n√≥ con n√≠t m√† c√≥', 'axit con tao?', 'm√®o c·ªßa ch√°u', 'bi·∫øt g√¨ ƒë√¢u ch·ªã', 'g·∫ßn ch·∫øt', 'v√†i th√°ng l·∫° th·∫Øng', 'l√†m qu√° l√™n l√†m g√¨']"
4938979169447690,ch√°u √†üéÖ,2021-12-14 21:02:43,,['Kh√¥ng c√≥ m√¥ t·∫£ ·∫£nh.'],https://m.facebook.com/groups/3162507603761531/permalink/4938979169447690/,,"['SANIA', 'SANTA', 'anxood']"
3592776707713505,üò≠üò≠üò≠üò≠üò≠üò≠üò≠,2023-08-27 10:53:25,,"[""C√≥ th·ªÉ l√† h√¨nh ·∫£nh v·ªÅ vƒÉn b·∫£n cho bi·∫øt 'K√¨ ngh·ªâ h√® k·∫øt th√∫c: H·ªçc sinh Game th·ªß'""]",https://m.facebook.com/groups/tiemtaphoameme/permalink/3592776707713505/,,"['K√¨ ngh·ªâ h√® k·∫øt th√∫c:', 'Game th·ªß', 'H·ªçc sinh']"
4524898130936112,Oh no ....,2021-09-25 20:56:00,,['Kh√¥ng c√≥ m√¥ t·∫£ ·∫£nh.'],https://m.facebook.com/groups/groupnaykhonghevui/permalink/4524898130936112/,,"['vivm', 'QU·∫¢NG B√Å DI S·∫¢N TR·ª∞C TUY·∫æN KH√îNG C√íN LA TINH THE', '24', '11551009116868 (VND), 21110371116868 (USD) v√† 21110142996868 (EUR)', 'T·∫°i', 'VIVIO']"
5660318997313700,#mongadduyet,2022-08-03 21:30:44,,['Kh√¥ng c√≥ m√¥ t·∫£ ·∫£nh.'],https://m.facebook.com/groups/3162507603761531/permalink/5660318997313700/,,"['C√°ch t·∫°o 1 v·ª• n·ªï:', 'C√°ch t·∫°o 1 ng·ªçn l·ª≠a']"
1485597392368723,"Nhi·∫øp ·∫£nh gia, chuy√™n gia cap m√†n h√¨nh :))",2023-09-22 18:54:15,,"[""C√≥ th·ªÉ l√† h√¨nh ·∫£nh v·ªÅ ƒëi·ªán tho·∫°i v√† vƒÉn b·∫£n cho bi·∫øt 'ALTE LTE Album b.MVY Khi b·∫°n t√¥il√† nhi·∫øp ·∫£nh gia 243 2.874 12 6.421 36 n∆∞∆°ng ti·ªán Video Anh selfie Live Photos c·∫£nh Anh Anh toan time-lapse Ch·ª•p li√™n t·ª•c Anh B√†nghim√†nhinh B·∫£n ghi m√†n h√¨nh m√†n h√¨nh Ti·ªán ich Nh·∫≠p trung M·ª•ctrungl·∫∑p l·∫∑p M·ª•c 579 544 TikTok @emngocpummm'""]",https://m.facebook.com/groups/625122365082901/permalink/1485597392368723/,,"['POLLER', 'Abum', '6vvi', 'Khi b·∫°n t√¥i l√† nhi·∫øp ·∫£nh gia', 'h∆∞∆°ng ti·ªán', '243', '2.87', 'Video', 'Anh selfie', 'as', 'Live Photos', 'Anh to√†n c·∫£nh', 'Anh time lapse', '84210', '36', 'Ch·ª•p li√™n t·ª•c', '·∫¢nh m√†n h√¨nh', 'B√†n ghi m√†n h√¨nh', '579', '544', 'Ti·ªán √≠ch', 'Triktok', 'Nh·∫≠p', 'M·ª•c tr√πng l·∫≠p', 'Cemngocpummm', 'Bjan']"
1493417498253379,L√† sao v·∫≠y mng,2023-10-04 19:50:36,,"[""C√≥ th·ªÉ l√† h√¨nh ·∫£nh v·ªÅ vƒÉn b·∫£n cho bi·∫øt 'L√°t 9h em h·ªçc xong √°, anh ƒë·∫øn ƒë√≥n em kh√¥ng? 19:26 ƒê∆∞·ª£c 19:27 Kh√¥ng mu·ªën th√¨ ƒë·ª´ng c√≥ ƒë·∫øn kh√¥ng ai √©p'""]",https://m.facebook.com/groups/625122365082901/permalink/1493417498253379/,,"['L√°t 9h em h·ªçc xong √°, anh ƒë·∫øn ƒë√≥n', 'J', 'em kh√¥ng?', '19:26', 'ƒê∆∞·ª£c', '19:27', 'Kh√¥ng mu·ªën th√¨ ƒë·ª´ng c√≥ ƒë·∫øn', 'kh√¥ng ai √©p']"
5208074042538200,,2022-02-24 14:06:38,,['Kh√¥ng c√≥ m√¥ t·∫£ ·∫£nh.'],https://m.facebook.com/groups/3162507603761531/permalink/5208074042538200/,,"['""H·ªçc sinh ƒëang r·∫•t h√°o h·ª©c khi', 'Th·ªùi s·ª±:', 'ƒë∆∞·ª£c tr·ªü l·∫°i tr∆∞·ªùng h·ªçc""', 'H·ªçc sinh trong l√∫c ƒë√≥:', 'himglip.com']"
3201776079966976,,2023-11-02 18:17:13,,"[""C√≥ th·ªÉ l√† h√¨nh ·∫£nh v·ªÅ vƒÉn b·∫£n cho bi·∫øt 'xin l·ªói ae t√¥i ƒë√£ t·∫°ch'""]",https://m.facebook.com/groups/3004858506325402/permalink/3201776079966976/,,"['xinloiae', 't√¥i ƒë√£ tach']"
3166230087034838,,2022-03-04 21:29:22,,['Kh√¥ng c√≥ m√¥ t·∫£ ·∫£nh.'],https://m.facebook.com/groups/tiemtaphoameme/permalink/3166230087034838/,,"['LEGO TECHNIC', '42036', 'LTT', 'STROODS']"
1346929886235475,em se khong doi nua,2023-03-13 18:52:17,,['Kh√¥ng c√≥ m√¥ t·∫£ ·∫£nh.'],https://m.facebook.com/groups/625122365082901/permalink/1346929886235475/,,"['Anh bi·∫øt l√† em s·∫Ω ƒë·ª£i.', 'Em bi·∫øt l√† anh s·∫Ω ƒë·∫øn.', 'vercamons']"
3611514405839735,Cre:Stolen,2023-09-22 19:30:12,,"[""C√≥ th·ªÉ l√† h√¨nh ·∫£nh v·ªÅ vƒÉn b·∫£n cho bi·∫øt 'con g√°i c√≥ quy·ªÅn ph√° thai, con trai c√≥ quy·ªÅn b·ªè con zj th√¥u 3 gi·ªù Tr·∫£ l·ªùi 2'""]",https://m.facebook.com/groups/tiemtaphoameme/permalink/3611514405839735/,,"['V', 'con g√°i c√≥ quy·ªÅn ph√° thai, con trai c√≥', 'quy·ªÅn b·ªè con zj th√¥u', 'D2', 'Tr·∫£ l·ªùi', '3 gi·ªù']"
786779628672249,True,2021-06-21 17:38:42,,['Kh√¥ng c√≥ m√¥ t·∫£ ·∫£nh.'],https://m.facebook.com/groups/vietnammemes/permalink/786779628672249/,,"['- √Åo ch·ªëng ƒë·∫°n ƒë∆∞·ª£c ph√°t minh v√†o nƒÉm 1893', '- L√≠nh tr∆∞·ªõc nƒÉm 1893:', 'nokie', 'NOKA', 'NOKIAN', 'Nokia', 'z', 'E', 'z']"
1442990576629405,Hihi ch·ªß t·ªãch,2023-08-02 20:51:21,,['Kh√¥ng c√≥ m√¥ t·∫£ ·∫£nh.'],https://m.facebook.com/groups/625122365082901/permalink/1442990576629405/,,"['Cpuchishiro', 'H·ªçc v·ª´a ƒë·∫•t v·ª´a', 'nh∆∞ng tra m·∫°ng th·∫•y', 'm√¨nh c√≥ cai n·ªët ru·ªìi son', 'v√† r√°c tin t∆∞∆°ng sau n√†y', 'n√≥ s·∫Ω l√†m l√™n chuy·ªán']"
3063327647325083,meme nha` lam` :)),2021-10-19 19:10:30,,['Kh√¥ng c√≥ m√¥ t·∫£ ·∫£nh.'],https://m.facebook.com/groups/tiemtaphoameme/permalink/3063327647325083/,,"['CTRLASHIFTEN', 'People who', 'People', ""don't know"", 'who know']"
5918874284791502,:Stl,2022-10-30 12:43:00,,['Kh√¥ng c√≥ m√¥ t·∫£ ·∫£nh.'],https://m.facebook.com/groups/3162507603761531/permalink/5918874284791502/,,"['M·∫π: M v·ª´a ƒëi ch∆°i ƒëi·ªán t·ª≠', 'v·ªÅ ph·∫£i kh√¥ng?', 'T√¥i: ·ªû sao m·∫π bi·∫øt', 'T√≥c t√¥i']"
3571932429797933,Ngon üíÄ,2023-07-29 16:56:25,,['Kh√¥ng c√≥ m√¥ t·∫£ ·∫£nh.'],https://m.facebook.com/groups/tiemtaphoameme/permalink/3571932429797933/,,"['S·∫Øp thua th√¨ team b·∫°n c√≥ m·ªôt ƒë·ª©a', 'A.F.K', '0', 'O', 'O']"
3052662331724948,,2021-10-06 09:29:02,,['Kh√¥ng c√≥ m√¥ t·∫£ ·∫£nh.'],https://m.facebook.com/groups/tiemtaphoameme/permalink/3052662331724948/,,['Olli']
3537324096592100,,2023-06-11 22:01:37,,['Kh√¥ng c√≥ m√¥ t·∫£ ·∫£nh.'],https://m.facebook.com/groups/tiemtaphoameme/permalink/3537324096592100/,,"['Nh√¨n di', 'Th·∫Øng n√†y ko c√≥ ng∆∞·ªùi y√™u']"
4901845776494363,,2021-12-03 18:55:38,,['Kh√¥ng c√≥ m√¥ t·∫£ ·∫£nh.'],https://m.facebook.com/groups/3162507603761531/permalink/4901845776494363/,,"['M·ªôt ch·ª© la thg l√† th·∫ßy', 'TH·∫¶Y TH·∫æ D·ª§C:', 'clideo']"
6090907037588225,,2022-12-24 15:44:55,,['Kh√¥ng c√≥ m√¥ t·∫£ ·∫£nh.'],https://m.facebook.com/groups/3162507603761531/permalink/6090907037588225/,,"['HO', 'HO', 'E', 'me', 'm', 'Home homelli', 'Hoho meme']"
392757736018238,Bu·ªìn c·ªßa tr√πm,2022-07-02 18:27:27,,['Kh√¥ng c√≥ m√¥ t·∫£ ·∫£nh.'],https://m.facebook.com/groups/109979550962726/permalink/392757736018238/,,"['M√†y nghƒ© m√† l√† tr√πm ∆∞?', 'M√†y ch·ªâ tr√¨m ·ªü ƒë√¢y th√¥i', '0', 'ng∆∞·ªùi h∆°n m√†y', '- tr√πm tr∆∞·ªùng t', 'Th·∫≠t v·∫≠y ∆∞', 'Cu·ªëi c√πng th√¨ tr√πm tr∆∞·ªùng', 'c≈©ng ch·ªâ l√† c√°i m√°c g·∫ßn theo', 'ta cho ƒë·∫øn khi ra tr∆∞·ªùng:', 'Mangungtaal']"
1477972159797913,omg lu√¥n √°,2023-09-11 19:04:46,,"[""C√≥ th·ªÉ l√† h√¨nh ·∫£nh v·ªÅ b·ªÉ b∆°i v√† vƒÉn b·∫£n cho bi·∫øt '5p tr∆∞·ªõc Trang √†aa m ph·∫£i tin t n√≥ kh√¥ng t·ªët ƒë√¢u chia tay diiiiiiiiii 5p sau ch√†o anh em l√† b·∫°n th√¢n c·ªßa Trang nghe n√≥i anh m·ªõi chia tay h·∫£ ƒë·ª´¬´ng c√≥ b√πn nha c√≥ en ·ªü ƒë√¢y g√≤i'""]",https://m.facebook.com/groups/625122365082901/permalink/1477972159797913/,,"['5p tr∆∞·ªõc', 'Trang √†aa', 'm ph·∫£i tin t', 'n√≥ kh√¥ng t·ªët ƒë√¢u', 'chia tay diiiiii', '5p sau', 'ch√†o anh', 'em l√† b·∫°n th√¢n c·ªßa Trang', 'nghe n√≥i anh m·ªõi chia tay h·∫£ tri', 'ƒë·ª´ng c√≥ b√πn nha', 'c√≥ en ·ªü ƒë√¢y g√≤i']"
5128480303830908,#stolen,2022-01-30 20:26:37,,['Kh√¥ng c√≥ m√¥ t·∫£ ·∫£nh.'],https://m.facebook.com/groups/3162507603761531/permalink/5128480303830908/,,"['NH·ªÆNG TIN', 'EV', 'NH√ÇN H√ÄI H∆Ø·ªöC', 'T√îI KHI NH√ÇN', 'TIN V·ªöI AI ƒê√ì']"
3285933575064488,Cre:me  P·ªÅctüî•...,2022-08-02 18:12:00,,['Kh√¥ng c√≥ m√¥ t·∫£ ·∫£nh.'],https://m.facebook.com/groups/tiemtaphoameme/permalink/3285933575064488/,,"['T√¥i v·ª´a ƒÉn xong b·∫•t mi t√¥m', 'C∆°m ngu·ªôi', 'N∆∞·ªõc mi t√¥m']"
5049765568369049,..,2022-01-13 11:27:35,,['Kh√¥ng c√≥ m√¥ t·∫£ ·∫£nh.'],https://m.facebook.com/groups/3162507603761531/permalink/5049765568369049/,,['Ancuraminhness']
5294077220604548,,2022-03-27 17:21:50,,['Kh√¥ng c√≥ m√¥ t·∫£ ·∫£nh.'],https://m.facebook.com/groups/3162507603761531/permalink/5294077220604548/,,"['Drivers putting S50 in their car today', '1700', '0', 'Vivilian']"
3102938053364042,,2021-12-10 15:40:49,,['Kh√¥ng c√≥ m√¥ t·∫£ ·∫£nh.'],https://m.facebook.com/groups/tiemtaphoameme/permalink/3102938053364042/,,"['Con g√°i khi ƒëi ƒë√°m c∆∞·ªõi b·∫°n th√¢n: ""M√¨nh s·∫Ω', 'm·∫∑c m·ªôt b·ªô v√°y th·∫≠t ƒë·∫πp ƒë·ªÉ c√≥ th·ªÉ t·ª± tin b∆∞·ªõc', '""l√™n ch√∫c m·ª´ng c√¥ ·∫•y""', 'Con trai khi ƒëi ƒë√°m c∆∞·ªõi b·∫°n th√¢n:', 'TRATATE']"
1416230455972084,,2023-06-28 20:10:53,,['Kh√¥ng c√≥ m√¥ t·∫£ ·∫£nh.'],https://m.facebook.com/groups/625122365082901/permalink/1416230455972084/,,"['""N∆∞·ªõc m·∫Øt kh√¥ng ƒë·∫øn t·ª´ n√£o m√†', 'l√† t·ª´ tr√°i tim...', 'rezaiszywo2']"
6685156608163262,‚ò†,2023-06-25 09:29:02,,['Kh√¥ng c√≥ m√¥ t·∫£ ·∫£nh.'],https://m.facebook.com/groups/3162507603761531/permalink/6685156608163262/,,"['M·∫•t ƒëi·ªán m√πa', 'ƒë√¥ng', 'M·∫•t ƒëi·ªán m√πa', 'h√®']"
1348253629436434,th·∫≠t √Ω =)),2023-03-15 20:12:08,,['Kh√¥ng c√≥ m√¥ t·∫£ ·∫£nh.'],https://m.facebook.com/groups/625122365082901/permalink/1348253629436434/,,"['Th·ª© tui hay l√†m m·∫•t l√∫c nh·ªè', 'Hvutrugenz']"
1389118858683244,#TCLCTCT,2023-05-20 13:53:20,,['Kh√¥ng c√≥ m√¥ t·∫£ ·∫£nh.'],https://m.facebook.com/groups/625122365082901/permalink/1389118858683244/,,"['KHI NH·ªÆNG G√å M√ÄY √îN ƒê·ªÄU', 'XU·∫§T HI·ªÜN TRONG B√ÄI THI KI·ªÇU', 'DIEBURGERS']"
1456578445270618,üôèüèª,2023-08-16 19:39:09,,"[""C√≥ th·ªÉ l√† h√¨nh ·∫£nh v·ªÅ 2 ng∆∞·ªùi v√† vƒÉn b·∫£n cho bi·∫øt 'Phim kinh d·ªã tu·∫ßn sau pshoengsnh H·ªçc ·ªü l·∫ßu 3'""]",https://m.facebook.com/groups/625122365082901/permalink/1456578445270618/,,"['Phim kinh d·ªã tu·∫ßn sau', 'H·ªçc ·ªü l·∫ßu 3']"
3563725583951951,#stolen,2023-07-17 18:40:41,,['Kh√¥ng c√≥ m√¥ t·∫£ ·∫£nh.'],https://m.facebook.com/groups/tiemtaphoameme/permalink/3563725583951951/,,"['ƒëi·ªÉu thu·ªëc t√†n', 'anh nh·∫∑t l√™n', 'b√∫ l·∫°i', 'b·∫°n kh·ªën n·∫°n', 'anh ch·∫≥ng ng·∫°i', 'b√∫ cu']"
1509328993328896,B·∫°n th√¢n ∆°i t m√†u xanh m m√†u h·ªìng =))  Ord chi·∫øc b√†n ch·∫£i cute cho c√°c c·∫∑p ƒë√¥i n√®: https://shope.ee/4fV936Fsae,2023-10-29 09:33:36,,"[""C√≥ th·ªÉ l√† h√¨nh ·∫£nh v·ªÅ l∆∞·ª£c ch·∫£i t√≥c v√† vƒÉn b·∫£n cho bi·∫øt '·ûë·ûö & Â∞èÁ∫¢‰π¶ Â∞èÁ∫¢‰π¶ ID: 408919817'"", ""C√≥ th·ªÉ l√† h√¨nh ·∫£nh v·ªÅ vƒÉn b·∫£n cho bi·∫øt 'ONINSSS Â∞èÁ∫¢‰π¶ Â∞èÁ∫¢‰π¶ ID: 408919817'"", ""C√≥ th·ªÉ l√† h√¨nh ·∫£nh v·ªÅ l∆∞·ª£c ch·∫£i t√≥c, ƒë·ªì ch∆°i v√† vƒÉn b·∫£n cho bi·∫øt 'Ë∂ÖÂèØÁà±ÁöÑÂåÖË£ÖÔºÅ Êúà Áâ© ÁöÜÂèØ Ëêå ‰∏áÁâ© ÁöÜÂèØ Ëêå Â∞èÁ¥Ö‰π¶ Â¶É Â∞èÁ∫¢‰π¶ ID: 408919817'"", ""C√≥ th·ªÉ l√† h√¨nh ·∫£nh v·ªÅ vƒÉn b·∫£n cho bi·∫øt 'ÁâµÁâµÁà™~ Â∞èÁ∫¢‰π¶ Â∞èÁ∫¢‰π¶ ID: 408919817'"", ""C√≥ th·ªÉ l√† h√¨nh ·∫£nh v·ªÅ l∆∞·ª£c ch·∫£i t√≥c v√† vƒÉn b·∫£n cho bi·∫øt 'Â∞èÁ∫¢‰π¶ Â∞èÁ∫¢‰π¶ ID: 40891981'""]",https://m.facebook.com/groups/625122365082901/permalink/1509328993328896/,,"['Es', 'IJISIPS', 'JUIDIANS']"
1479451509649978,ƒê·ªçc c√°i tao t·ªânh li·ªÅn lu√¥n b√¢y=))),2023-09-13 20:08:38,,"[""C√≥ th·ªÉ l√† h√¨nh minh h·ªça v·ªÅ ƒëi·ªán tho·∫°i v√† vƒÉn b·∫£n cho bi·∫øt '13:51 Th·ª© Ba, 24 th√°ng Th·ª©Ba,24th√°ng 5 Anh Thi·∫øu em anh s·ªëng kh√¥ng n·ªïi b√¢y gi·ªù'""]",https://m.facebook.com/groups/625122365082901/permalink/1479451509649978/,,"['13:51', 'Th·ª© Ba, 24 th√°ng 5', 'Anh', 'b√¢y gi·ªù', 'Thi·∫øu em anh s·ªëng kh√¥ng n·ªïi']"
3256479441343235,Kh√¥ng ph·ª• l√≤ng m·∫π lu√¥n :)) #stolen,2022-06-27 16:06:37,,['Kh√¥ng c√≥ m√¥ t·∫£ ·∫£nh.'],https://m.facebook.com/groups/tiemtaphoameme/permalink/3256479441343235/,,"['ƒê·ª´ng k√©n c√° ch·ªçn c√°nh n·ªØa nhi·ªÅu ƒëil', 'Cas', 'muling', 'GS', 'GD', 'STS']"
5083893448369908,,2022-03-09 20:47:49,,['Kh√¥ng c√≥ m√¥ t·∫£ ·∫£nh.'],https://m.facebook.com/groups/groupnaykhonghevui/permalink/5083893448369908/,,"['- Gi·∫•c m∆° c·ªßa con g√°i?: OMG. M∆° ƒë∆∞·ª£c', 'k·∫øt h√¥n v·ªõi crush c·ªßa m√¨nh II', '- Trong khi ƒë√≥ gi·∫•c m∆° c·ªßn trai?;', 'M·∫∂C ƒê·ªí V√ÄO ƒêI CH√ÄNG TRAI', 'GROUP N√ÄY', 'KH√îNG H·∫æ VUI', 'CH√öNG TA PH·∫¢I ƒê·ªä C·ª®U L≈® TR√ä']"
893305048370872,Th√¥i h·∫πn nƒÉm sau con l·∫°i v·ªÅ,2023-01-17 10:55:42,,['Kh√¥ng c√≥ m√¥ t·∫£ ·∫£nh.'],https://m.facebook.com/groups/551218279246219/permalink/893305048370872/,,"['t√¥i v·ªÅ qu√™ v√† mong ch·ªùng', 'm·∫π t√¥i : th·∫ø ny m√†y ƒë√¢u?']"
6799673093378279,Th·ªùi gian,2023-07-28 12:16:03,,['Kh√¥ng c√≥ m√¥ t·∫£ ·∫£nh.'],https://m.facebook.com/groups/3162507603761531/permalink/6799673093378279/,,"['Tr·ªü v·ªÅ thƒÉm nh√† sau 1 qu√£ng th·ªùi gian', 'd√†i v√† ph√°t hi·ªán m·∫Øt c·ªßa b√† ƒë√£ m·ªù ƒëi', 'v√† kh√¥ng c√≤n nh·∫≠n ra m√†y l√† ai n·ªØa']"
3284150915242754,,2022-07-31 11:55:49,,['Kh√¥ng c√≥ m√¥ t·∫£ ·∫£nh.'],https://m.facebook.com/groups/tiemtaphoameme/permalink/3284150915242754/,,"['NOBODY:M·∫§Y ƒê·ª®A PH√äN', 'KI·∫æU TH·ªä TH', 'RTX', 'B√äN NGO√ÄI', 'STRA', 'BENCTRONG', 'STRI', 'ica']"
341596121685145,Ch√∫ √Ωüòü,2023-10-26 15:46:00,,"[""C√≥ th·ªÉ l√† h√¨nh ·∫£nh v·ªÅ 1 ng∆∞·ªùi v√† vƒÉn b·∫£n cho bi·∫øt 'Th√†nh vi√™n ch√∫ √Ω ch·ªâ 1 tu·∫ßn n·ªØa l√† ƒë·∫øn th√°ng 11'""]",https://m.facebook.com/groups/vnmeme/permalink/341596121685145/,,"['Th√†nh vi√™n ch√∫ √Ω', 'chi 1 tu·∫ßn n·ªØa l√†', 'ƒë·∫øn th√°ng 11']"
4924533970892210,Cre: me Max fresh,2021-12-10 10:58:08,,['Kh√¥ng c√≥ m√¥ t·∫£ ·∫£nh.'],https://m.facebook.com/groups/3162507603761531/permalink/4924533970892210/,,"['H√¨nh ·∫£nh t√¥i v·ª´a c·ª≠i tay', 'd√πng ƒë·ªÉ thoa d·∫ßu gi√≥ c·ªßa m√¨nh']"
6655445467801043,h√¥m nay l√† sinh nh·∫≠t tui :3,2023-06-17 06:28:11,,['Kh√¥ng c√≥ m√¥ t·∫£ ·∫£nh.'],https://m.facebook.com/groups/3162507603761531/permalink/6655445467801043/,,"['ƒÉn b√°nh c√πng tui ƒëi:3', 'SRINDY', 'h√¥m nay sinh nh·∫≠t tui:3', 'l√†m m·ªôt c·ªëc milo kh√¥ng pri']"
1475903550004774,"""Tr√™n m·∫°ng em xinh th·∫ø n√†y ch·∫Øc ngo√†i ƒë·ªùi c√≤n xinh h∆°n n·ªØa ha, n√†o m√¨nh g·∫∑p nhau nha"" T√¥i:",2023-09-08 20:01:32,,['Kh√¥ng c√≥ m√¥ t·∫£ ·∫£nh.'],https://m.facebook.com/groups/625122365082901/permalink/1475903550004774/,,['200']
1380687916193005,ü•πü•πü•πü•π,2023-05-07 20:52:54,,['Kh√¥ng c√≥ m√¥ t·∫£ ·∫£nh.'],https://m.facebook.com/groups/625122365082901/permalink/1380687916193005/,,"['Khi tui c·ªï g·∫Øng ho√† nh·∫≠p', 'v·ªõi nh√≥m con g√°i trong l·ªõp', 'HcotsongGenze']"
4398537546905505,,2021-08-16 18:42:53,,['Kh√¥ng c√≥ m√¥ t·∫£ ·∫£nh.'],https://m.facebook.com/groups/groupnaykhonghevui/permalink/4398537546905505/,,"['Qu ch nhan s·ª≠ d·ª•ng kh√¥ng?', 'ALL', 'IMAGES', 'NEWS', 'VIDEOS', 'MAPS', 'Thu·ªëc l√° kh√¥ng h·∫øt h·∫°n s·ª≠ d·ª•ng nh∆∞ng', 'ng∆∞·ªùi h√∫t thu·ªëc l√° th√¨ c√≥', 'Oct 27, 2006', 'Ng∆∞·ªùi vi·∫øt ra ƒëi·ªÅu n√†y', 'TICKTOCK', 'MUTHAFUCKAIN']"
3083086188682562,Ngon ƒÉn hi·∫øp tao h·ªô c√°i.,2021-11-13 21:39:43,,['Kh√¥ng c√≥ m√¥ t·∫£ ·∫£nh.'],https://m.facebook.com/groups/tiemtaphoameme/permalink/3083086188682562/,,"['M√†y g√† nh∆∞ng ƒë∆∞·ª£c top 1', 'sever cho trang b·ªã vip ki·ªÉu']"
1385286845733112,ƒê·ªùi‚ò∫,2023-05-14 19:50:54,,['Kh√¥ng c√≥ m√¥ t·∫£ ·∫£nh.'],https://m.facebook.com/groups/625122365082901/permalink/1385286845733112/,,"['55 (A', '45', 'B', '34 (A', '46', 'B', '35', 'Va', '47 (A', 'B', '36 (A', '48', 'B', 'A', '37 A', '49', 'B', 'A']"
5659501714062095,Qua da man üíÄ,2022-08-03 15:26:36,,['Kh√¥ng c√≥ m√¥ t·∫£ ·∫£nh.'],https://m.facebook.com/groups/3162507603761531/permalink/5659501714062095/,,"['01:11', 'S', 'VNEXPRESS', 'EQ', 'M·ªõi nh·∫•t', 'Th·ªùi s·ª±', 'G√≥c nh√¨n', 'Th·∫ø gi·ªõi', 'ƒêi·ªÉm tin 23h: B√† Pelosi t·ªõi', '1', 'ƒê√†i Loan; L·ª´a ti·ªÅn 1.000', '17', 'n√¥ng d√¢n qua ch∆∞∆°ng tr√¨nh', 'GIO', 'ƒêi·ªÉm Tin', 'Tr√°i tim Vi·ªát Nam']"
3603532473304595,,2023-09-11 17:45:27,,"[""C√≥ th·ªÉ l√† h√¨nh ·∫£nh v·ªÅ 1 ng∆∞·ªùi v√† vƒÉn b·∫£n cho bi·∫øt 'FB:MINH H√ÉA 3. Th·∫ßy gi√°o nh√¨n hai b√≠m xinh xinh c·ªßa H√†, vui v·∫ª n√≥i: -ƒê·ª´ng kh√≥c, b√≠m c·ªßa em ƒë·∫πp l√¢m!'""]",https://m.facebook.com/groups/tiemtaphoameme/permalink/3603532473304595/,,"['FB:MINH H√íA', '13 3, Th·∫ßy gi√°o nh√¨n hai b√≠m xinh xinh c·ªßa H√†, v·∫ª nam', 'n√≥i:', 'ƒê·ª´ng kh√≥c, b√≠m c·ªßa em ƒë·∫πp l√¢m""']"
3060446364279878,:< #stolen,2021-10-15 22:21:01,,['Kh√¥ng c√≥ m√¥ t·∫£ ·∫£nh.'],https://m.facebook.com/groups/tiemtaphoameme/permalink/3060446364279878/,,"['TR∆Ø·ªöC', 'KHI MAY TAO', 'RA1 CAI', 'MEME CH·∫§T L∆Ø∆†NG', 'NHUNG CAI MEME', 'CH·∫§T L∆Ø∆†NG CUA', 'M√ÄY LAI KH√îNG ƒê∆Ø·ª¢C', 'DUY·∫æT M√Ä THAY V√ÄO', 'ƒê√ì L√ÄI C√ÅI MEME', 'NHAT V·ªöI CH∆Ø TAM HUYET', 'mallip cam']"
822687285081483,Meta gi·ªù chi·∫øn qu√°,2021-08-17 23:21:18,,['Kh√¥ng c√≥ m√¥ t·∫£ ·∫£nh.'],https://m.facebook.com/groups/vietnammemes/permalink/822687285081483/,,"['tu·ªïi 17', 'X∆∞a', 'T√¥i s·∫Ω l√™n ƒë∆∞·ªùng nh·∫≠p ng≈©', 'Nay', 'm·∫π ∆°i b·∫°n con g·ªçi']"
5701632046515728,Mission Failed  Nhi·ªám v·ª• th·∫•t b·∫°i,2022-08-18 15:03:42,,['Kh√¥ng c√≥ m√¥ t·∫£ ·∫£nh.'],https://m.facebook.com/groups/3162507603761531/permalink/5701632046515728/,,"['Vivins', 'V·ª§ TR·ªòM NG√ÇN H√ÄNG B√ÅT TH√ÄNH HY H·ªÆU ITALY', '24', 'medlavty240gmailicom', '1.30', 'ƒêang ƒë√†o h·∫ßm ƒë·ªÉ tr·ªôm ng√¢n h√†ng th√¨', '24', 'h·∫ßm s·∫≠p, khi·∫øn t√™n tr·ªôm b·ªã m·∫Øc k·∫πt la', 'VTV24.549 N ∆∞·ª£t xem 5 ng√†y tr∆∞·ªõc']"
4611446608867616,Cre :elephant,2021-09-04 21:26:06,,['Kh√¥ng c√≥ m√¥ t·∫£ ·∫£nh.'],https://m.facebook.com/groups/3162507603761531/permalink/4611446608867616/,,"['T·ªõ mu·ªën', 'dich', 'h·ªçc', 'chuy√™n', 't·ª©c th∆°i ƒê∆∞·ª£c th√¥i ƒëi', 'Piccolo;', 'L√†m theo', 't·ªõi', 'Nh∆∞ n√†y ph·∫£i', 'kh√¥ng?', 'dragon', 'tr·∫≠p trung nƒÉng l∆∞·ª£ng v√† nghƒ©', 'ƒë·∫øn n∆°i c·∫ßn d·ªãch chuy·ªÉn', 'H·ªØm cok', 'BUM', 'Nh∆∞ n√†y ph·∫£i', 'kh√¥ng???', 'Ac']"
6681688201843436,,2023-06-24 08:02:52,,['Kh√¥ng c√≥ m√¥ t·∫£ ·∫£nh.'],https://m.facebook.com/groups/3162507603761531/permalink/6681688201843436/,,"['66', 'B·∫°n gi·∫≠t ƒë·ªì', 'c·ªßa 1 t√™n tr·ªôm', 'th·ª≠ xem, n√≥ s·∫Ω', 'l√†m g√¨ 3 b√°o', 'c·∫£nh s√°t √† 3', '99']"
3615181225473053,üò≠,2023-09-27 19:08:09,,"[""C√≥ th·ªÉ l√† h√¨nh ·∫£nh v·ªÅ 1 ng∆∞·ªùi v√† vƒÉn b·∫£n cho bi·∫øt 'H√£y t√¨m ch·ªó tr·ªëng tr·∫£i chi·∫øn ƒë·∫•u'""]",https://m.facebook.com/groups/tiemtaphoameme/permalink/3615181225473053/,,['Hay t√¨m ch·ªó tr·ªëng tr·∫£i chi·∫øn ƒë·∫•u']
3102964863361361,,2021-12-10 16:30:43,,['Kh√¥ng c√≥ m√¥ t·∫£ ·∫£nh.'],https://m.facebook.com/groups/tiemtaphoameme/permalink/3102964863361361/,,"['T√¥i ƒë·∫•t t√™n game l√†', 'do·∫° ng∆∞·ªùi ch∆°i kh√°c:', 'OThechinnest', 'Thanh ni√™n TQ suy nghƒ© t·∫°i', 'sao t√™n t√¥i l√† ""·∫£nh khi√™u', 'd√¢m tr·ª©ng d√°i c√° m·∫≠p con""', 'OThechinnest', 'm', 'm']"
4217087041717224,T·ª± h·ªßy =)))))),2021-06-16 11:50:46,,['Kh√¥ng c√≥ m√¥ t·∫£ ·∫£nh.'],https://m.facebook.com/groups/groupnaykhonghevui/permalink/4217087041717224/,,"['UAE', 'VIE', '45:07', 'FIFA', 'HU TUNG', 'Hu·∫•n Hoa H·ªìng Tr', 'Ch√°n m·∫•y √¥ng n·ªôi ƒë·∫ßu Tr·ªçc', '4.033', 'Tr·∫£ l·ªùi', 'Th√≠ch', '20 ph√∫t', '003300']"
2831633646978324,,2023-09-22 20:35:27,,"[""C√≥ th·ªÉ l√† h√¨nh ·∫£nh v·ªÅ vƒÉn b·∫£n cho bi·∫øt 'V·ª´a ng·ªß d·∫≠y, c√≥ g√¨ hot?'""]",https://m.facebook.com/groups/2638581819616842/permalink/2831633646978324/,,"['V·ª´a ng·ªß d·∫≠y, c√≥ g√¨ hot?']"
5705529822792617,Ng∆∞·ªùi ƒë√¢u r∆∞·ªõc d√¢uüíç,2022-08-19 22:14:52,,['Kh√¥ng c√≥ m√¥ t·∫£ ·∫£nh.'],https://m.facebook.com/groups/3162507603761531/permalink/5705529822792617/,,"['√îI KH√îNG: M√åNH ƒê√É', 'ƒê·ª´ng lo, em ƒë√£ di chuy·ªÉn', 'v√†o ch·ªó an to√†n v√†', 'ng·ªß qu√™n v√† qu√™n', 'save game l·∫°i r·ªìi', 'save game l·∫°i gi√πm r·ªìi']"
3097562053901642,Phi√™u l∆∞u v·ªÅ mi·ªÅn c·ª±c l·∫°c:)))),2021-12-03 09:15:32,,['Kh√¥ng c√≥ m√¥ t·∫£ ·∫£nh.'],https://m.facebook.com/groups/tiemtaphoameme/permalink/3097562053901642/,,"['Nobody', 'ƒê·ª©a b·∫°n th√¢n c·ªßa t√¥i k·ªói khi c√¥·ªü t√¥i', 'tr√™n xe c·ªßa n√≥ ki·ªÉu:', 'Phi√™u l∆∞u c√πng t·ªëc ƒë·ªô']"
1451689209092875,L√≥t g·∫°ch c·∫£ ng√†y cu·ªëi c√πng c≈©ng xong..,2023-08-11 19:11:53,,['Kh√¥ng c√≥ m√¥ t·∫£ ·∫£nh.'],https://m.facebook.com/groups/625122365082901/permalink/1451689209092875/,,"['1', '1']"
6897279007031334,,2023-10-10 16:01:03,,"[""C√≥ th·ªÉ l√† h√¨nh ·∫£nh v·ªÅ 1 ng∆∞·ªùi v√† vƒÉn b·∫£n cho bi·∫øt 'i 8SATIRE.COM Nh√¢n vi√™n nh√† x√°c gi·∫£ v·ªù ch·∫øt trong ng√†y c√° th√°ng t∆∞ v√† b·ªã ƒëem ƒëi ho·∫£ t√°ng Windows XP X i T‚Äùkailed successfully. OK'""]",https://m.facebook.com/groups/groupnaykhonghevui/permalink/6897279007031334/,,"['8SATIRE.COM', 'Nh√¢n vi√™n nh√† x√°c gi·∫£ v·ªù ch·∫øt trong ng√†y', 'c√°c c√° th√°ng t∆∞ v√† b·ªã ƒëem ƒëi ho·∫£ t√°ng', 'Windows XP', 'i', 'Task failed successfully.', 'OK']"
4667795899899353,,2021-09-22 13:35:28,,['Kh√¥ng c√≥ m√¥ t·∫£ ·∫£nh.'],https://m.facebook.com/groups/3162507603761531/permalink/4667795899899353/,,"['99700', 'MANINATE', '1% pin c√≤n l·∫°i']"
1473183836943412,M c√≥ bt l√† t ch·ªù ng√†y n√†y l√¢u l·∫Øm r·ªìi hk,2023-09-04 19:51:25,,"[""C√≥ th·ªÉ l√† h√¨nh ·∫£nh v·ªÅ vƒÉn b·∫£n cho bi·∫øt 'KHI C√ì AI ƒê√ì KHEN T√ÉI D·∫†O N√ÄY CH∆†I GAME HAY QU√Å c√πng c≈©ng c√≥ ng∆∞·ªùi nh·∫≠n ra¬∞'""]",https://m.facebook.com/groups/625122365082901/permalink/1473183836943412/,,"['KHI C√ì AI ƒê√ì KHEN T√îI', 'D·∫†O N√ÄY CH∆†I GAME HAY QU√Å', 'cu·ªëi c√πng c≈©ng c√≥ ng∆∞·ªùi nh·∫≠n ra']"
345597127951711,,2023-11-02 20:27:54,,"[""C√≥ th·ªÉ l√† h√¨nh ·∫£nh v·ªÅ vƒÉn b·∫£n cho bi·∫øt 'V·∫•n ƒë·ªÅ kƒ© nƒÉng Kƒ© nƒÉng c√≥ v·∫•n ƒë·ªÅ Nywert'""]",https://m.facebook.com/groups/vnmeme/permalink/345597127951711/,,"['V·∫•n ƒë·ªÅ kƒ© nƒÉng', 'Kƒ© nƒÉng c√≥ v·∫•n ƒë·ªÅ']"
3364001067257738,üò¥üò¥üò¥üò¥üò¥,2022-11-02 20:11:29,,['Kh√¥ng c√≥ m√¥ t·∫£ ·∫£nh.'],https://m.facebook.com/groups/tiemtaphoameme/permalink/3364001067257738/,,"['Kh√¥ng ai c·∫£:', 'L·ªó m≈©i t√¥i v√†o ban', 'ƒë√™m']"
6693092990702957,Cre: tr√™n h√¨nh,2023-06-27 17:51:37,,['Kh√¥ng c√≥ m√¥ t·∫£ ·∫£nh.'],https://m.facebook.com/groups/3162507603761531/permalink/6693092990702957/,,"['c√°c l∆∞∆°ng y tr√™n m·∫°ng', 'khi ƒë∆∞·ª£c h·ªèi c√°ch ch·ªØa', 'li·ªát d∆∞∆°ng:', 'Doulble Tamarinds']"
3383160272008484,,2022-11-25 06:30:30,,['Kh√¥ng c√≥ m√¥ t·∫£ ·∫£nh.'],https://m.facebook.com/groups/tiemtaphoameme/permalink/3383160272008484/,,"['Typical Nh·ªØng ng∆∞·ªùi tr√™n b√†n nh·∫≠u(P1)', 'Ng·ªìi soi th·∫Øng n√†o u·ªëng', 'M·ªìm To b≈© ƒë∆∞·ª£c 2 ly ng·∫•t', '?Ch√∫ kh√¥ng u·ªëng l√†', 'Quan h·ªá r·ªông(n√™n b·ªã m·ªùi', 'u·ªëng l√≤i tr·ªã)', '(nh·∫≠u v·ªÅ ƒë∆∞·ª£c ialbum ·∫£nh d√¨m)', 'kh√¥ng n·∫ø anh', 'Th·∫ßng n√†o kh√¥ng', 'Quelhtan', 'We make', 'meme', 'H·ªôi ch·ªã em di·ªát m·ªïi', 'Pha bia v·ªõi n∆∞·ªõc l·ªçc', 'Chi·∫øn Th·∫ßn ethanol', 'ƒêi mu·ªôn n√™n b·ªã ph·∫°t u·ªëng 5 ly', '(u·ªëng bia nh∆∞ n∆∞·ªõc l√£)', '(b·∫Øn vcb)']"
6885690458109875,ü§ì,2023-08-23 10:57:08,,"[""C√≥ th·ªÉ l√† h√¨nh ·∫£nh v·ªÅ vƒÉn b·∫£n cho bi·∫øt 'Mih c∆∞·ªõi nhau nhe'""]",https://m.facebook.com/groups/3162507603761531/permalink/6885690458109875/,,['Mih c∆∞·ªõi nhau nhe']
4298167793609148,,2021-07-14 18:37:18,,['Kh√¥ng c√≥ m√¥ t·∫£ ·∫£nh.'],https://m.facebook.com/groups/groupnaykhonghevui/permalink/4298167793609148/,,"['Th·∫≥ng b·∫°n m·∫≠p', 'T√¥i t√¨m c√°ch b√≥p', 'dz√∫ c·ªßa n√≥', 'ng·ªìi c·∫°nh', 'filulities']"
4780546908704565,,2021-12-14 11:15:51,,['Kh√¥ng c√≥ m√¥ t·∫£ ·∫£nh.'],https://m.facebook.com/groups/groupnaykhonghevui/permalink/4780546908704565/,,"['3:58', '1 ng√†y trong cu·ªôc s·ªëng c·ªßa 1 th·∫•t', 'b·∫°i', 'C∆∞·ªùng Nguy·ªÖn Alex- 887 N l∆∞·ª£t xem tr∆∞·ªõc']"
6696067223738867,ƒê√†o ƒë∆∞·ª£c meme c·ªï,2023-06-28 14:31:07,,['Kh√¥ng c√≥ m√¥ t·∫£ ·∫£nh.'],https://m.facebook.com/groups/3162507603761531/permalink/6696067223738867/,,"['Anh ch·ªâ em c√°ch t√°n', 'g√°i nhanh nh·∫•t ƒë∆∞·ª£c', 'kh√¥ng?', 'L·∫•y v√≠ d·ª•', 'L·∫•y v√≠ d·ª• g√¨?', 'L·∫•y', 'dy']"
3179890645488853,üêß,2023-10-03 20:27:55,,"[""C√≥ th·ªÉ l√† h√¨nh ·∫£nh v·ªÅ vƒÉn b·∫£n cho bi·∫øt 'S·ªÆA NGON T·ª™ C√ÉC BAN B√É VUI'""]",https://m.facebook.com/groups/3004858506325402/permalink/3179890645488853/,,"['S·ªÆA', 'NGON T∆Ø', 'C√ÅC BAN', 'BO VUI']"
3748925641786388,L·∫° vl #LikeShare,2020-11-07 18:04:56,,['Kh√¥ng c√≥ m√¥ t·∫£ ·∫£nh.'],https://m.facebook.com/groups/3162507603761531/permalink/3748925641786388/,,"['11 pm:', '2 am:', 'Meme For', 'Lost Soul', '8 ph√∫t n·ªØa b√°o', '4 am:', 'th·ª©c k√™u']"
3179837075494210,,2023-10-03 18:56:31,,"[""C√≥ th·ªÉ l√† h√¨nh ·∫£nh v·ªÅ vƒÉn b·∫£n cho bi·∫øt '‚Üë Th·∫±ng tr√™n l√† v·ª£ anh'""]",https://m.facebook.com/groups/3004858506325402/permalink/3179837075494210/,,"['T', 'Th·∫Øng tr√™n l√† v·ª£ anh']"
4628415377170739,,2021-09-10 08:52:15,,['Kh√¥ng c√≥ m√¥ t·∫£ ·∫£nh.'],https://m.facebook.com/groups/3162507603761531/permalink/4628415377170739/,,"['Kh√¥ng ai:', 'Ch√¢n tui ƒëang ƒëi b√¨nh th∆∞·ªùng th√¨:']"
5201134246565513,khi tui c·∫Øm nhi·ªÅu d√¢y v√†o ƒëi·ªán tho·∫°i C√°i dt ki·ªÉu:,2022-02-22 10:04:40,,['Kh√¥ng c√≥ m√¥ t·∫£ ·∫£nh.'],https://m.facebook.com/groups/3162507603761531/permalink/5201134246565513/,,"['KIMOCHARIN', 'os']"
3084308571893657,Nobody #thichsomong,2021-11-15 10:31:54,,['Kh√¥ng c√≥ m√¥ t·∫£ ·∫£nh.'],https://m.facebook.com/groups/tiemtaphoameme/permalink/3084308571893657/,,"['meme c·ªßa t√¥i', 'spamhao', 'nh·ªØng g√≥p √Ω', 'handdkk', 'giupmeme', 'c·ªßa t√¥i ng√†y', 'buhllink', 'c√†nghayhon', 's·∫Ω']"
3392499117741266,,2022-12-06 11:25:52,,['Kh√¥ng c√≥ m√¥ t·∫£ ·∫£nh.'],https://m.facebook.com/groups/tiemtaphoameme/permalink/3392499117741266/,,"['B·∫°n vui m·ª´ng v√¨', 'ng√†y n√†o c≈©ng', 'ƒë∆∞·ª£c ƒÉn', 'hamburger, khoai', 't√¢y chi√™n, m', 'pt', 'Ch·ª£t nh·ªõ ra b·ªë b·∫°n', 'l√† shipper', 'ACY']"
6210861229006452,t·ªët nh·∫•t ƒë·ª´ng ph·∫£n tao!,2023-03-27 23:56:36,,['Kh√¥ng c√≥ m√¥ t·∫£ ·∫£nh.'],https://m.facebook.com/groups/groupnaykhonghevui/permalink/6210861229006452/,,"['T·ªõ l√† m·ªôt b·∫ø Ngoan', 'Ch∆°i v·ªõi t·ªõ r·∫•t an to√†n', 'Nh∆∞ng N·∫øu c·∫≠u th·ªß ƒëo·∫°n', 'T·ªö S·∫º KH·ªêN N·∫†N G·∫§P ƒê√îI', 'Quote', 'PHOR']"
288532163658208,Stolen ƒëc qu·∫£ meme d·∫£k qu√° ae #Vnmeme,2023-07-19 08:19:10,,"[""C√≥ th·ªÉ l√† h√¨nh ·∫£nh v·ªÅ 6 ng∆∞·ªùi, m·ªçi ng∆∞·ªùi ƒëang c∆∞·ªùi v√† vƒÉn b·∫£n cho bi·∫øt '9hourso ago Tao v√† th·∫±ng b·∫°n th√¢n c√πng y√™u m·ªôt ng∆∞·ªùi, b·ªçn tao kh√¥ng ƒë√°nh nhau hay tranh ch·∫•p m√† c√πng h·ªçc c√°ch ch·∫•p nh·∫≠n, v√¨ ƒë√≥ m·ªõi l√† t√¨nh b·∫°n. J@cacanhvuinhon139'""]",https://m.facebook.com/groups/vnmeme/permalink/288532163658208/,,"['9 hours ago', 'Tao v√† th·∫≥ng b·∫°n th√¢n c√πng y√™u m·ªôt ng∆∞·ªùi, b·ªçn tao nha', 'kh√¥ng ƒë√°nh nhau hay tranh ch·∫•p m√† c√πng h·ªçc', 'c√°ch ch·∫•p nh·∫≠n, v√¨ ƒë√≥ m·ªõi l√† t√¨nh b·∫°n.', 'Jocacanhvuinhonist']"
3564493970541779,,2023-07-18 21:02:51,,['Kh√¥ng c√≥ m√¥ t·∫£ ·∫£nh.'],https://m.facebook.com/groups/tiemtaphoameme/permalink/3564493970541779/,,"['NH√Ä TR·ªÇ', 'D·ª´ng l·∫°i, h√£y nghƒ© t·ªõi', 'l≈© tr·∫ª']"
787301758620036,sang ch·∫•n t√¢m l√Ω lu√¥n :)),2021-06-22 15:59:03,,['Kh√¥ng c√≥ m√¥ t·∫£ ·∫£nh.'],https://m.facebook.com/groups/vietnammemes/permalink/787301758620036/,,"['thanh ni√™n ƒë·∫øn tu·ªïi 17', 'CON TR√ÇU:', 'Hm']"
3512575352400308,,2023-05-08 01:10:11,,['Kh√¥ng c√≥ m√¥ t·∫£ ·∫£nh.'],https://m.facebook.com/groups/tiemtaphoameme/permalink/3512575352400308/,,"['Panik', 'Kalm', 'HES', 'Panik']"
3323535584637620,nocap:)),2022-09-19 06:22:08,,['Kh√¥ng c√≥ m√¥ t·∫£ ·∫£nh.'],https://m.facebook.com/groups/tiemtaphoameme/permalink/3323535584637620/,,"['YOUTUBER KHI MUA CON G√Ä NGO√ÄI CH·ª¢ R·ªêI', 'MANG V√î R·ª™NG N∆Ø·ªöNG:', 'SINH TON']"
1490295471898915,‚òÄÔ∏èQue cay: https://shope.ee/99wmWG47X7,2023-09-29 09:46:33,,['C√≥ th·ªÉ l√† h√¨nh ·∫£nh v·ªÅ th·ª±c ph·∫©m'],https://m.facebook.com/groups/625122365082901/permalink/1490295471898915/,,"['1J12115', '0311332202060898']"
3250775391913640,Khi b·∫°n ho...,2022-06-20 12:31:27,,['Kh√¥ng c√≥ m√¥ t·∫£ ·∫£nh.'],https://m.facebook.com/groups/tiemtaphoameme/permalink/3250775391913640/,,"['Google', 'Doctor', 'Ph·∫£i u·ªëng', 'Ung th∆∞ ph·ªïi.', 'thu·ªëc v√†', 'u·ªëng ƒë·ªß', 'n∆∞·ªõc', 'C', 'th∆∞·ªùng', 'xuy√™n']"
1391136818481448,KH√îNG C·∫¶N HOA C·∫¶U K·ª≤ V√å M√ìN Q.U.√Ä N√ÄY L√Ä ‚ÄúJUST FOR U‚Äùü´∂ü´∂ü´∂  üëâƒê√¢y l√† ch·ªó tui m.u.a h·ªôp q.u.√† trong s.u.·ªë.t: https://shope.ee/3VF74DHjwu  üëâHo·∫∑c ·ªü ƒë√¢y: https://shope.ee/qELtLMgUM  üëâC.u.·ªô.n ruy bƒÉng siu cute ƒë·ªÉ th.·∫Ø.t n∆° n√®: https://shope.ee/9epkPbsmmZ  üí•·ªû ƒë√¢y s·∫µn set qu√† lun n√† üëâ https://shope.ee/6Usidp8hx6,2023-05-23 08:33:10,,"['Kh√¥ng c√≥ m√¥ t·∫£ ·∫£nh.', 'Kh√¥ng c√≥ m√¥ t·∫£ ·∫£nh.', 'Kh√¥ng c√≥ m√¥ t·∫£ ·∫£nh.', 'Kh√¥ng c√≥ m√¥ t·∫£ ·∫£nh.', 'Kh√¥ng c√≥ m√¥ t·∫£ ·∫£nh.']",https://m.facebook.com/groups/625122365082901/permalink/1391136818481448/,,"['sonhavuithayba', 'NOA XOAY', 'HOBAOD', 'Barking', 'N.', 'HOV', '1000;', 'verw', 's', 'e', 'SOLUDES', 'aain', 'V', 'g', 's', 'Bring']"
4108119592533656,B·ª±c v√£i l lu√¥n :) #TAJ,2021-03-18 18:32:33,,['Kh√¥ng c√≥ m√¥ t·∫£ ·∫£nh.'],https://m.facebook.com/groups/3162507603761531/permalink/4108119592533656/,,"['H√¨nh ·∫£nh c·ªßa m·ªôt s·ªë b·∫°n n·ªØ ƒëang', 'tr√™n ƒë∆∞·ªùng t√≠nh s·ªï ng∆∞·ªùi y√™u sau', 'khi ph√°t hi·ªán n√≥ v·ª´a tim ·∫£nh g√°i', 'Memefor', 'Lostsoul', 'butwhocares']"
3097598177051434,Ao nh√¢yüíÄüíÄ Cre: l·ª•m,2023-06-23 23:53:22,,['Kh√¥ng c√≥ m√¥ t·∫£ ·∫£nh.'],https://m.facebook.com/groups/3004858506325402/permalink/3097598177051434/,,"['AFK t·ª´ nƒÉm 1912', 'nh∆∞ng v·∫´n ƒÉn pentakill', 'Titanic', 'HAnhkliam']"
3619393195051856,no cap,2023-10-03 17:42:42,,['C√≥ th·ªÉ l√† h√¨nh ·∫£nh v·ªÅ 1 ng∆∞·ªùi v√† vƒÉn b·∫£n'],https://m.facebook.com/groups/tiemtaphoameme/permalink/3619393195051856/,,"['Tu·ªói th·ªç ƒë√†n √¥ng khi h·ªç l·∫•y', 'tr·ªì ngh·ªãch ngu l√†m th∆∞·ªõc ƒëo', 'cho b·∫ßn lƒ©nh', 'Udc', 'ol', 'OLLI', 'Okhoiye', '08ST', 'Nottop', 'OESS', 'stinks', 'rog', 'VIESO', 'cna']"
4846551605357114,,2021-11-17 07:56:06,,['Kh√¥ng c√≥ m√¥ t·∫£ ·∫£nh.'],https://m.facebook.com/groups/3162507603761531/permalink/4846551605357114/,,"['? B√°c sƒ© khuy√™n tui gi·∫£m b√©o ƒë·ªÉ', 'c√≥ s·ª©c kh·ªèe t·ªët h∆°n', '+ Th√¢n h√¨nh c·ªßa b√°c sƒ©:']"
4881672971844977,Dorae-D·∫£k,2021-11-27 18:55:58,,['Kh√¥ng c√≥ m√¥ t·∫£ ·∫£nh.'],https://m.facebook.com/groups/3162507603761531/permalink/4881672971844977/,,"['N√ì C√ì TH·ªÇ ƒê·ª∞A', 'ƒê√ÇY L√Ä', 'CH·ª®NG TA ƒê·∫æN', 'B·∫¢O B·ªêI', 'T∆Ø∆†NG LAI ƒê·∫§Y', 'C√ÅI T√ö', 'T∆Ø∆†NG', ""LAI'"", 'T·ªö MU·ªêN', 'ƒê·∫æN T∆Ø∆†NG', 'ƒê∆Ø·ª¢C CH·ª®;', 'LAI 20 NƒÇM', 'CH√ôI V√ÄO', 'SAU CH∆†I', 'T·ª¶ CH·ªú T√ç', 'ƒê∆Ø·ª¢C', 'L√Ä ƒê∆Ø·ª¢C', 'KH√îNG3', '2000000000', 'CH·ªú BAO', 'L√ÇU TH√å ƒê·∫æN', '20 NƒÇM', 'N∆°r']"
3102374433240475,S√°ch b√†i t·∫≠p c·ªßa ƒë·ª©a ch√°u n√≥ l·∫° l·∫Øm,2023-06-29 15:36:31,,['Kh√¥ng c√≥ m√¥ t·∫£ ·∫£nh.'],https://m.facebook.com/groups/3004858506325402/permalink/3102374433240475/,,"['B√†i 2:', 'CADING', 'C√≥ 365 Kg g·∫°o ƒë·ªï', 'ƒë·ªÅu v√†o 7 bao', 'H·ªèi', '0', 'c·∫ßn c√≥ m·∫•y bao ƒë·ªÉ', 'ƒë·ª±ng h·∫øt s·ªë g·∫°o', 'ƒë√≥?']"
323880706790020,M√™m ƒë·∫ßu tay v√¨ b√™n blcksvine ko duy·ªát :v,2023-09-25 09:14:43,,"[""C√≥ th·ªÉ l√† h√¨nh ·∫£nh v·ªÅ 1 ng∆∞·ªùi v√† vƒÉn b·∫£n cho bi·∫øt 'G·ªçi t√¥i l√† k·∫ª h·∫≠u ƒë·∫≠u v√¨ t√¥i ƒë√£ l·ª° Lam roi tim cau Senpai'""]",https://m.facebook.com/groups/vnmeme/permalink/323880706790020/,,"['G·ªçi t√¥i l√† k·∫ª h·∫≠u ƒë√¨u v√¨ t√¥i ƒë√£ l·ª°', 'Lam roi tim cau', 'Senpai']"
5235757283183523,,2022-05-05 13:23:47,,['Kh√¥ng c√≥ m√¥ t·∫£ ·∫£nh.'],https://m.facebook.com/groups/groupnaykhonghevui/permalink/5235757283183523/,,"['ƒêi·ªán tho·∫°i 1GBRAM', 'c·ªßa m·∫π t√¥i v·ªõi 78', 'tab Chrome ƒëang b·∫≠t', 'Laptop 8GB RAM', 'c·ªßa t√¥i v·ªõi 3 tab', 'Chrome ƒëang b·∫≠t', 'GROUPNEY', 'KH√îNG H·∫æ VUI']"
6870546132957641,th·ª© x√†m nh·∫•t l√† b·∫£n th√¢n √¥ng.,2023-08-18 19:55:17,,"[""C√≥ th·ªÉ l√† h√¨nh ·∫£nh v·ªÅ vƒÉn b·∫£n cho bi·∫øt 'ƒê·ª™NG BU·ªíN BRO MEME C·ª¶A √îNG KH√îNG PH·∫¢I TH·ª® X√ÄM NH·∫§T ƒê√ÇU'""]",https://m.facebook.com/groups/3162507603761531/permalink/6870546132957641/,,"['ƒê·ª™NG BU·ªíN BRO', 'MEME C·ª¶A √îNG KH√îNG PH·∫¢I TH·ª®', 'X√ÄM NH·∫§T ƒê√ÇU']"
4484429524982973,,2021-09-13 14:33:19,,['Kh√¥ng c√≥ m√¥ t·∫£ ·∫£nh.'],https://m.facebook.com/groups/groupnaykhonghevui/permalink/4484429524982973/,,"['ƒêjtme may', 'Quang Vinh replied t·ªï tr∆∞·ªüng t·ªï d·ªçn c·ª©c ƒë√°i nhanh', 'ƒêjtme may', 'Sao m l·∫°i ƒë·ªãt ng∆∞·ªùi ch·∫øt']"
1208856173131257,#mongadduyet,2023-04-26 21:26:43,,['Kh√¥ng c√≥ m√¥ t·∫£ ·∫£nh.'],https://m.facebook.com/groups/vietnammemes/permalink/1208856173131257/,,"['B·∫°n l·ª° ƒë√°nh r∆°i v√≠, ai s·∫Ω ch·∫°m v√†o', '1', 'v√≠ c·ªßa b·∫°n tr∆∞·ªõc ?', 'IMBLESSINGS', 'PENDING', 'Vi khu·∫©n', 'anh NƒÉm', '+phong ho√† ng√¥']"
1394691028126027,,2023-05-28 19:32:18,,['Kh√¥ng c√≥ m√¥ t·∫£ ·∫£nh.'],https://m.facebook.com/groups/625122365082901/permalink/1394691028126027/,,"['CHUY·ªÇN KHO√ÅN TH√ÄNH C√îNG', '500,000 VND', 'M·∫π ∆°i, sao t·ª± nhi√™n m·∫π chuy·ªÉn cho', 'con v·∫≠y?', 'Otruyen.nguoc', 'Gi√°o vi√™n ch·ªß nhi·ªám c·ªßa em trai', 'con v·ª´a g·ªçi ƒëi·ªán cho m·∫π, n√≥i r·∫±ng', 'em trai con l·∫°i y√™u s·ªõm', 'M·∫π c·∫£m th·∫•y bu·ªìn l·∫Øm, bao nhi√™u', 'nƒÉm tr√¥i qua, m√† con v·∫´n l√† ng∆∞·ªùi', 'duy nh·∫•t trong nh√† ƒë·ªôc th√¢n.', 'Con ƒëi ƒÉn g√¨ cho ƒë·ª° bu·ªìn ƒëi nh√©']"
2810457399095949,B·ª©c tranh khi·∫øn ng∆∞·ªùi kh√°c ph·∫£i x·∫•u h·ªï... Nam ch√≠nh th·∫≠t b√° ƒë·∫°o!ü§£,2023-08-25 09:20:53,,"['C√≥ th·ªÉ l√† h√¨nh ·∫£nh v·ªÅ 2 ng∆∞·ªùi v√† vƒÉn b·∫£n cho bi·∫øt \'Th·∫ßn Minh Th√†nh_Y Ng∆∞∆°i...√¥m ch·∫∑t qu√° r·ªìi... L√¥i ƒê·∫Øc /tay v√≤ng ·∫•n g√°yy h√¥n/ Th·∫ßn /m·ªü to m·∫Øt b·∫•t ng·ªù/ ∆Ø?! Th·∫ßn Minh Th√†nh_Y Chuy·ªán ...ƒëang x·∫£y v·∫∑y... Th·∫•y v·∫´n ch∆∞a hi·ªÉu t√¨nh hi·ªán t·∫°i ƒë∆∞a y nh√©o v√†o 20 c·ªßa ngay mi·ªáng ƒëau th√¨ L√¥i ƒê·∫Øc ƒë√£ nh√¢n dh·ªô m√† lu·ªìn l∆∞·ªùi v√†o trong khoang mi·ªángy c·∫£n qu√©t. Th·∫ßn Minh Th√†nh_Y /kh√≥ th·ªü, ƒë·∫≠p tay v√†o ng∆∞·ªùi h·∫Øn/ ∆Ø...Um... L√¥iƒê·∫ØcV≈© /t√°ch li√™m m√¥i ƒê√∫ng v·∫´n ng·ªçt nh∆∞ l·∫ßn d·∫ßu. Th·∫ßn Minh Th√†nh_ /ƒë·ªè m·∫∑t, th·ªü d√°‚Äòc/ H·ªôc... Ng∆∞∆°i...l√†m h√°?! Th·∫ßn Minh Th√†nh_Y 1 ƒê√¢y kh√¥ng ch√≠nh boy sao?!""\'']",https://m.facebook.com/groups/2638581819616842/permalink/2810457399095949/,,"['Th·∫ßn Minh Th√†nh Y', 'Ng∆∞∆°i... mm ch·∫∑t qu√° r·ªìi...', 'L√¥i ƒê·∫Øc V≈©', '/tay v√≤ng ra sau ·∫•n g√°y y h√¥n/', 'Th·∫ßn Minh Th√†nh Y', '/m·ªù to m·∫•t b·∫•t ng·ªù/ ∆∞·ªõi', 'Th·∫ßn Minh Th√†nh..', 'Chuy·ªán gi.. ƒëang x√°y ra v·∫≠y...', 'Then th·∫•y y v·∫´n c√≥ v·∫ª ch∆∞a hi·ªÅu t√¨nh h√¨nh hi·ªán t·∫°i n√™n ƒë√£ ƒë∆∞a tay ra nh√©o v√†o eo c·ªßa y, ngay khi h·∫£', 'nh√† mi·ªáng ra v√¨ ƒëau th√¨ L√¥i ƒê·∫Øc V≈© ƒë√£ nh√¢n c∆° h·ªôi m√† lu·ªìn l∆∞·ªõi v√†o trong khoang mi·ªáng y c√†n qu√©t. nha nha', 'Th·∫ßn Minh Th√†nh Y', '/kh√≥ th·ªù, d·∫≠p tay v√†o ng∆∞·ªùi h·∫ßn/ ∆∞. nam', 'L√µi ƒê·∫Øc V≈©', 't√°ch ra, li·∫øm m√¥i y/ ƒê√∫ng l√† vƒÉn ng·ªçt nh∆∞ l·∫ßn d·∫ßu', 'Th·∫ßn Minh Th√†nh Y', '/ƒë√≤ m·∫∑t, th·ªù d·ªëc/ H·ªôc.. N√¢m g√¨ h√°?', 'Th·∫ßn M√≠nh Th√†nh', ""ƒê√£ ƒê√¢y kh√¥ng l·ªÖ ch√≠nh l√† boy t√¢m c∆° sao71' nham""]"
3481803328810844,anh b·∫°n m·∫∑c qu·∫£ √°o chi·∫øn ph·∫øt ƒë·∫•y,2023-03-23 16:28:03,,['Kh√¥ng c√≥ m√¥ t·∫£ ·∫£nh.'],https://m.facebook.com/groups/tiemtaphoameme/permalink/3481803328810844/,,"['VIVI TH·ªä THC TUY NGH·ªÜ TUONG LAI', 'VIVE', 'TRONG TR∆Ø·ªúNG H·ªåP', 'TRONG TR∆Ø∆†NG HOP', 'TRONG', 'ING HOP', 'TRONG', 'NG H·ªòP', '20:53', 'TRONGT', 'NGHOP', '24', 'RONGI', 'EGHAR']"
1388545382073925,tao c√≥ v·∫≠y ƒë√¢u =)),2023-05-19 20:03:32,,['Kh√¥ng c√≥ m√¥ t·∫£ ·∫£nh.'],https://m.facebook.com/groups/625122365082901/permalink/1388545382073925/,,"['3', 'ƒê√¢y l√† H', 'T·ª´ nh·ªè H ƒë√£ b·ªë l√°o', 'ƒê·ª´ng nh∆∞ H']"
5027778320648088,,2022-02-18 12:42:43,,['Kh√¥ng c√≥ m√¥ t·∫£ ·∫£nh.'],https://m.facebook.com/groups/groupnaykhonghevui/permalink/5027778320648088/,,"['T√¥i l√∫c nh·ªè v·∫´n ch∆∞a', 'hi·ªÉu t·∫°i sao b·ªë l·∫°i b·∫Øn', 's·ªØa chua l√™n ng∆∞·ªùi t√¥i', 'E', 'E', '1', 'e']"
6679785512033705,üåö,2023-06-23 18:46:10,,['Kh√¥ng c√≥ m√¥ t·∫£ ·∫£nh.'],https://m.facebook.com/groups/3162507603761531/permalink/6679785512033705/,,"['Exp/1,517', 'U', 'Exp/1,522', 'D', 'Exp 55']"
1473173726944423,Ch·∫Øc 2k8 h√°o h·ª©c l·∫Øm,2023-09-04 19:37:22,,['C√≥ th·ªÉ l√† h√¨nh ·∫£nh v·ªÅ 4 ng∆∞·ªùi v√† vƒÉn b·∫£n'],https://m.facebook.com/groups/625122365082901/permalink/1473173726944423/,,['L·ªöP 10A9']
5567729719905962,#Stolen 1 cau chuyen bun,2022-07-01 21:23:25,,['Kh√¥ng c√≥ m√¥ t·∫£ ·∫£nh.'],https://m.facebook.com/groups/3162507603761531/permalink/5567729719905962/,,"['C√¥ gi√°o: B√†i to√°n n√†y r·∫•t d·ªÖ, c√°c em', 'B', 'c√≥ th·ªÉ d·ªÖ d√†ng gi·∫£i trong 3 b∆∞·ªõc', '- Th·∫Øng b√© ng·ªìi xe lƒÉn:', 'majoelains']"
3296148957376283,T√¥i th·∫•y con chu·ªôt ƒëi ·ªâa th·∫≠t,2022-08-15 21:53:54,,['Kh√¥ng c√≥ m√¥ t·∫£ ·∫£nh.'],https://m.facebook.com/groups/tiemtaphoameme/permalink/3296148957376283/,,"['C√°c ki·ªÉu ng∆∞·ªùi ph√°t ng√¥n', 'part2 : D', 'Trimmanda', 'L·∫Øm m·ªìm', 'B·ªã chen m·ªìm', 'Chi·∫øn th·∫ßn d·ªèm', '- m·ªìm ko nh·∫∑t ƒë∆∞·ª£c', '-n√≥i ch∆∞a xong c√≥ th·∫≥ng', 'spam woman', 'gi·ªõi ph·ª• n·ªØ l√† m√°y r·ª≠a - l√†m gi c≈©ng n√≥i, ng√¢y c·∫£', 'chen h·ªçng', 'khi ko ai nghe', '- Gi·∫£ b·ªô qu√™n khi ƒë∆∞·ª£c k√™u', '- T∆∞·ªüng ng·∫ßu', '""h√¥m b·ªØa tao th·∫•y con chu·ªôt', 'k·ªÉ ti·∫øp', 'ƒëi ia""', 'B·ªã qu√™n', 'Tr·∫ª m·ªõi l·ªõn', 'Fuckboy', '- tinh t·∫ø t·ª´ng c√¢u', '- ƒë·∫°ng ƒë·ªãnh n√≥i th√¨ qu√™n', '- c·∫∑k ch∆∞a nh√∫ nh∆∞ng m·ªü m·ªìm l√† nha', '- C·ªë g·∫Øng nh·ªõ xem dang ƒë·ªãnh', 'n√≥i', 'l√†m t√¨nh', '- ·ªü nh√† ngoan nh∆∞ c√∫n, g·∫∑p ng∆∞·ªùi', '- th∆° vƒÉn g·ª• ƒë·∫°', 'n√≥i g√¨', 'l·∫° th√¨ ch·ª≠i t·ª•c', '- l√∫c gi·∫£i t√°n r·ªìi th√¨ l·∫°i nh·ªõ ƒë∆∞·ª£c', '- d√∫ em h∆°i cƒÉng c√≥', '- ko bi·∫øt ki·ªÉm so√°t ng√¥n t·ª´', 'th·∫ø em v·∫±ng h∆°i']"
5846501538695444,"Khi tk b·∫°n qua nh√† t√¥i ch∆°i m√† s·ª£ ba m·∫π t√¥i ,n√™n n√≥ c·ª© n·∫•p sau t∆∞·ªùng T√¥i ki·ªÉu: :))) meme ƒë·∫ßu tay",2022-10-07 17:17:18,,['Kh√¥ng c√≥ m√¥ t·∫£ ·∫£nh.'],https://m.facebook.com/groups/3162507603761531/permalink/5846501538695444/,,"['·ªîn m√†, c·ª© ra ƒëi']"
3300132273332396,ƒê·∫°o l√Ω c√πng gumball #1,2020-06-07 19:23:49,,['Kh√¥ng c√≥ m√¥ t·∫£ ·∫£nh.'],https://m.facebook.com/groups/3162507603761531/permalink/3300132273332396/,,"['Khi b·∫°n bu·ªìn h√£y √∫p m·∫∑t xu·ªëng 1 c√°i', 'h·ªì n∆∞·ªõc', 'V√¨ khi trong n∆∞·ªõc b·∫°n kh√¥ng th·ªÉ kh√≥c']"
3296518064006039,"Meme nh√† l√†m,c√≥ g√¨ ae g√≥p √Ω nh·∫π nh√†ng Cre:me #j4f",2022-08-16 09:38:45,,['Kh√¥ng c√≥ m√¥ t·∫£ ·∫£nh.'],https://m.facebook.com/groups/tiemtaphoameme/permalink/3296518064006039/,,"['S√ÅCH GI√ÅO KHOA', 'Ph·∫£i n·ªëng ƒë·ªß 2 lit', 'Discontrationality', 'KH√ÅT TH√å U·ªêNG']"
372237614736917,Ae b√¨nh tƒ©nh thua k√®o n√†y ta b√†y k√®o kh√°c,2022-05-29 11:22:36,,['Kh√¥ng c√≥ m√¥ t·∫£ ·∫£nh.'],https://m.facebook.com/groups/109979550962726/permalink/372237614736917/,,"['V√†ng T·ª´ng Tr·∫£i', '000', '2022', '- Y√™u th√≠ch - 9 gi·ªù', 'Th·∫Øng l√†m vua thua b√°n page', '3 1', 'LIVERPOOL']"
1246648079352066,H√£y g·ªçi anh l√† Onii-chan,2023-07-07 16:54:19,,['Kh√¥ng c√≥ m√¥ t·∫£ ·∫£nh.'],https://m.facebook.com/groups/vietnammemes/permalink/1246648079352066/,,"['Huy:Ridozi', 'T√¢n :Chikato', 'Khoa: Zurimoka', 'Kh·∫£i :Durikaki', 'ƒê·ª©c: Tedomi', 'Nh·∫≠t: Torikachi', 'H∆∞ng: Ridotoji', 'Phong:Nurimoko', 'Th√†nh: Chirikako', 'Quang :Kedokato', 'H·∫°o:Rikamo', 'B√¨nh: Tukitori', 'Tu·∫•n : Chidukato', 'L·ªôc :Memomi', 'Th·∫Øng: Chirikatako Nh·ª±t: Toridochi', 'Minh: Takitori', 'Ph√°t: Norikachi', 'Th√°i: Chirikaki', 'ƒê·∫°i : Tekaki.', 'Hi·ªÉu : Rikikudo', '√Çn: Kato', 'T√∫ :Chido.', 'Ti·ªÅn : Chikiko', 'Nam: Tokata', 'Vi·ªát : Rukikuchi', 'Chi·∫øn : Miriko', 'Giang : Tezukate', 'H·∫£i :Rikaki', 'Ki√™n : Dukiko', 'V∆∞∆°ng: Rudomoko Ph√∫:Norido', 'Tr∆∞·ªùng: Chishidoko Tr·ªçng:Chishimoko T√πng:Chidoto', 'Ch∆∞∆°ng :Ridomote', 'Anh:Katori', 'Ph√∫c :Noridomi', 'H√†o: Rikamo', 'Thanh :Chirikate', 'M·∫°nh: Takatori', 'Vinh: Rukitori', 'Tri·ªÅu : Chishikato', 'H·∫£i: Rikaki', 'Trung: Chishiko', 'ƒêƒÉng: Tekatozi', 'ƒê√¥ng: Temutoko', 'ƒê·ªãnh: Tekitori', 'S∆°n :Yomato', 'To√†n :Chimokato', 'Thi√™n: Chirikito', 'Ho√†ng: Rimukatato', 'Ho√†ng: Rimukata', 'Hi·ªáp: Rikikono', 'Ki·ªát: Rikikuchi', 'Kh√°nh DDrikato', 'D≈©ng TTddotoji', 'T√†i :Chikaki', 'Ninh Tokitori', 'L·ª±c :Medomi', 'Qu√¢n :Kedutoka', 'Vƒ©nh :Rukitori', 'B·∫Øc Tukami', 'Ph∆∞·ªõc :Noridote', 'B·∫£o: Tokamo', 'L√¢m MMkkta', 'B·∫±ng: Tukamite', 'VƒÉn: Rukato', 'Ti·∫øn: Chikiko', 'Kh√¥i : Durimoki', 'C√¥ng :Mimoteki', 'Qu·ªëc: Redokata', 'Long :Memutozi', 'C∆∞·ªùng:Dukateri', 'Ho√†:Rimuka', 'Thi·ªán :Chirikiko', 'An KKtato', 'Duy:Tedozi', 'T·∫ßn:Chikato', 'Hi·ªÅn:Rikiko']"
2806550279486661,R·∫•t l√† me's me's=)))))),2023-08-19 19:04:26,,"['C√≥ th·ªÉ l√† h√¨nh minh h·ªça v·ªÅ vƒÉn b·∫£n', 'C√≥ th·ªÉ l√† h√¨nh ·∫£nh v·ªÅ m√®o v√† vƒÉn b·∫£n', 'C√≥ th·ªÉ l√† h√¨nh ·∫£nh v·ªÅ vƒÉn b·∫£n', ""C√≥ th·ªÉ l√† h√¨nh ·∫£nh v·ªÅ 2 ng∆∞·ªùi v√† vƒÉn b·∫£n cho bi·∫øt '23:42 Th·∫±ng n√†y kh√° Th·∫±ng n√†y kh√° S·ª≠ d·ª•ng l√° b√†i n√†y khi b·∫°n th·∫•y th·∫±ng N√†o ƒë√≥ ƒë∆∞·ª£c vl'"", 'C√≥ th·ªÉ l√† h√¨nh ·∫£nh v·ªÅ 1 ng∆∞·ªùi v√† vƒÉn b·∫£n']",https://m.facebook.com/groups/2638581819616842/permalink/2806550279486661/,,['23:43']
2813458425462513,,2023-08-29 12:43:56,,['C√≥ th·ªÉ l√† h√¨nh ·∫£nh v·ªÅ 9 ng∆∞·ªùi v√† vƒÉn b·∫£n'],https://m.facebook.com/groups/2638581819616842/permalink/2813458425462513/,,"['Nh√† tr∆∞·ªùng l·∫Øp camera', 'H·ªçc sinh', 'dookhunglongmatmang']"
6709204165758506,Mi·ªÖn l√† con th·∫•y vui :),2023-07-02 10:32:10,,['Kh√¥ng c√≥ m√¥ t·∫£ ·∫£nh.'],https://m.facebook.com/groups/3162507603761531/permalink/6709204165758506/,,"['Qu√† sinh nh·∫≠t cho c√¥ng ch√∫a nh·ªè', 'H∆°i ƒë·∫Øt 1 ch√∫t nh∆∞ng kh√¥ng sao', 'c√¥ng ch√∫a c·ªßa b·ªë th√≠ch l√† ƒë∆∞·ª£c', 'RPSS', 'YAGING']"
6795075853918317,:)),2023-09-14 20:22:24,,"[""C√≥ th·ªÉ l√† h√¨nh ·∫£nh v·ªÅ 1 ng∆∞·ªùi v√† vƒÉn b·∫£n cho bi·∫øt 'Tinh tr√πng anh ƒë∆∞·ª£c Ph·∫≠t ƒë·ªô cre T∆∞dg hao v√¨ n√≥ ph√°t ra t·ª´ bi'""]",https://m.facebook.com/groups/groupnaykhonghevui/permalink/6795075853918317/,,"['Tinh tr√πng anh ƒë∆∞·ª£c Ph·∫≠t ƒë·ªô', 'Carmanaches', 'v√¨ n√≥ ph√°t ra t·ª´ bi']"
3220045664986613,,2022-05-13 11:08:38,,['Kh√¥ng c√≥ m√¥ t·∫£ ·∫£nh.'],https://m.facebook.com/groups/tiemtaphoameme/permalink/3220045664986613/,,"['- T√¥i: M√†y h·ªçc ng√†nh g√¨ ƒë·∫•y', '- B·∫°n t√¥i: ·ª´th√¨', '""Thi·∫øt k·∫ø n·ªôi th·∫•t""', '- V·∫´n l√† b·∫°n t√¥i:', 'Anh: V√¥ Ho√†i Thanh']"
6544271795665392,Gay c·∫•n th·∫≠t,2023-07-05 22:40:19,,['Kh√¥ng c√≥ m√¥ t·∫£ ·∫£nh.'],https://m.facebook.com/groups/groupnaykhonghevui/permalink/6544271795665392/,,"['cre:T∆∞∆°ng', 'Hai th·∫Øng', 'Gay', 'G·∫∑p chuy·ªán', 'Gay C·∫•n']"
3524401511217692,Burh,2023-05-25 04:36:06,,['Kh√¥ng c√≥ m√¥ t·∫£ ·∫£nh.'],https://m.facebook.com/groups/tiemtaphoameme/permalink/3524401511217692/,,"['REDIFIDING', 'Redideed', 'Start', 'Connectionheliness', 'forthistapplication', 'Olam dhf']"
1491983791730083,T·∫∑ng em 1 nh√†nh hoa kh√¥ng t√†n v√† m·ªëi t√¨nh kh√¥ng phai ü•∞  O ƒë·ªù ·ªü ƒë√¢y ƒë·ªÉ t·∫∑ng ny nehh üëâhttps://shope.ee/9KGIdJisFQ,2023-10-02 09:41:49,,"[""C√≥ th·ªÉ l√† h√¨nh ·∫£nh v·ªÅ 1 ng∆∞·ªùi, ƒë·ªì ch∆°i v√† vƒÉn b·∫£n cho bi·∫øt 'sqng sq Â∞èÁ∫¢‰π¶ Â∞èÁ∫¢‰π¶ D: 9697792543'"", 'C√≥ th·ªÉ l√† h√¨nh ·∫£nh v·ªÅ ƒë·ªì ch∆°i, l∆∞·ª£c ch·∫£i t√≥c v√† vƒÉn b·∫£n', ""C√≥ th·ªÉ l√† h√¨nh ·∫£nh v·ªÅ ƒë·ªì ch∆°i, b·ªánh vi·ªán v√† vƒÉn b·∫£n cho bi·∫øt 'MORsÂõæW Â∞èÁ∫¢‰π¶ Â∞èÁ∫¢‰π¶ 9697792543'"", 'C√≥ th·ªÉ l√† h√¨nh ·∫£nh v·ªÅ ƒë·ªì ch∆°i', 'C√≥ th·ªÉ l√† h√¨nh ·∫£nh v·ªÅ ƒë·ªì ch∆°i']",https://m.facebook.com/groups/625122365082901/permalink/1491983791730083/,,"['sque', '1J14175', 'JITIDE9999792543']"
5831711080174490,Fan MU h√¥m nay ki·ªÉu,2022-10-02 21:09:19,,['Kh√¥ng c√≥ m√¥ t·∫£ ·∫£nh.'],https://m.facebook.com/groups/3162507603761531/permalink/5831711080174490/,,"['T·ª©c c·∫£nh P√°c B√≥ ? H·ªì Ch√≠ Minh', 'S√°ng ra b·ªù su·ªïi, t·ªïi v√†o hang,', 'Ch√°o b·∫π, rau mƒÉng v√¢n sƒÉn s√†ng', 'B√†n ƒë·∫£ ch√¥ng ch√™nh d·ªãch s·ª≠ ƒê·∫£ng,', 'Cu·ªôc ƒë·ªùi c√°ch m·∫°ng th·∫≠t l√† sang.']"
1476675346594261,V√¨ sao??,2023-09-09 21:48:03,,['C√≥ th·ªÉ l√† h√¨nh ·∫£nh v·ªÅ 1 ng∆∞·ªùi v√† vƒÉn b·∫£n'],https://m.facebook.com/groups/625122365082901/permalink/1476675346594261/,,"['V√¨ sao con g√°i', 'hi·∫øm khi nh·∫Øn tin tr∆∞·ªõc', 'CONTEVIS']"
1510614999866962,Anh ·∫•y t·∫∑ng t√¥i v√¨ t√¥i ƒÉn ƒë·ªß 3 b·ªØa ü•π  üéÅSet qu√† G·∫•uüçì ·ªü ƒë√¢y n√® üëâ https://shope.ee/LMEAcDhsA,2023-10-31 12:28:43,,"['C√≥ th·ªÉ l√† h√¨nh ·∫£nh v·ªÅ ƒë·ªì ch∆°i v√† vƒÉn b·∫£n', 'C√≥ th·ªÉ l√† h√¨nh ·∫£nh v·ªÅ ƒë·ªì ch∆°i v√† vƒÉn b·∫£n', 'C√≥ th·ªÉ l√† h√¨nh ·∫£nh v·ªÅ d√¢u t√¢y, ƒë·ªì ch∆°i v√† vƒÉn b·∫£n', 'C√≥ th·ªÉ l√† h√¨nh ·∫£nh v·ªÅ ƒë·ªì ch∆°i v√† vƒÉn b·∫£n']",https://m.facebook.com/groups/625122365082901/permalink/1510614999866962/,,['STHANKVOUT']
3142205662770614,Cre:me :3,2022-02-01 15:13:15,,['Kh√¥ng c√≥ m√¥ t·∫£ ·∫£nh.'],https://m.facebook.com/groups/tiemtaphoameme/permalink/3142205662770614/,,"['Nh√† t√¥i ƒÉn t·∫øt xong...', 'M·∫•y con nh·ªán:', 'SPIDERMAN', 'Hometoming']"
4945570672121873,onii ii,2021-12-16 10:38:10,,['Kh√¥ng c√≥ m√¥ t·∫£ ·∫£nh.'],https://m.facebook.com/groups/3162507603761531/permalink/4945570672121873/,,"['M√†y l√¥i ƒë·ªëng d√¢y ra ƒë√¢y l√†m g√¨?', 'Y√™n t√¢m m·ªçi ng∆∞·ªùi s·∫Ω hi·ªÉu th√¥i']"
3269348250056354,={{{{{{{{{{{,2022-07-12 21:26:07,,['Kh√¥ng c√≥ m√¥ t·∫£ ·∫£nh.'],https://m.facebook.com/groups/tiemtaphoameme/permalink/3269348250056354/,,"['M√ÄY M·ªöI T·ªé T√åNH V·ªöI CRUSH, NH∆ØNG M√ÄU..', 'Hentaiz', 'L√¥i con cu c·∫≠u ra ƒë·ªÉ t·ªõ xem x√©t c√°i ƒë√£.']"
4773961342696455,,2021-12-12 10:08:59,,['Kh√¥ng c√≥ m√¥ t·∫£ ·∫£nh.'],https://m.facebook.com/groups/groupnaykhonghevui/permalink/4773961342696455/,,['1 love you Jack']
5208970875862164,,2022-04-25 19:20:37,,['Kh√¥ng c√≥ m√¥ t·∫£ ·∫£nh.'],https://m.facebook.com/groups/groupnaykhonghevui/permalink/5208970875862164/,,"['Ne0 16:58, H√¥m nay', 'k', 'T√¥i ƒë√£ djt con hamster c·ªßa t√¥i ƒë·∫øn ch·∫øt, t√¥i c√≥ ph·∫£i', 'I', 'k·∫ª t√¢m th·∫ßn ko?', 'C∆° b·∫£n th√¨ t√¥i ƒëang djt con hamster c·ªßa t√¥i, nh∆∞ t√¥i', 'v·∫´n th∆∞·ªùng l√†m, nh∆∞ng t√¥i qu√™n r√∫t c3c t√¥i ra.Con', 'hamster b·ªã ch·∫£y cum ra t·ª´ hai m·∫Øt v√† mi·ªáng.Sau ƒë√≥', 'n√≥ ph√°t n·ªè. T√¥i ko th·∫•y c√≥ ch√∫t h·ªëi h·∫≠n n√†o. T√¥i c√≥', 'ph·∫£i th·∫Øng t√¢m th·∫ßn ko?']"
1270447200305487,,2023-08-26 11:14:29,,"[""C√≥ th·ªÉ l√† h√¨nh ·∫£nh v·ªÅ 1 ng∆∞·ªùi v√† vƒÉn b·∫£n cho bi·∫øt 'H∆°n nhau l√† ·ªü c√°i ƒë·∫ßu b·∫°n ·∫° InShOb'""]",https://m.facebook.com/groups/vietnammemes/permalink/1270447200305487/,,"['H∆°n nhau l√† ·ªü c√°i', 'ƒë·∫ßu ban a', 'Inshot']"
3115768451890238,?,2023-11-07 20:56:20,,"[""C√≥ th·ªÉ l√† h√¨nh ·∫£nh v·ªÅ vƒÉn b·∫£n cho bi·∫øt 'M·∫•y thƒÉng thua NNN: Loc 168 b√¨nh lu·∫≠n „ÇÇ dcmconm t·∫°ch h√¥m qua r√°i ƒë√°ng l·∫Ω t√¥i kh√¥ng n√™n ƒë·∫øn vi·ªán d∆∞·ª°ng l√£o 20 gi·ªù Tr·∫£ l·ªùi 52'""]",https://m.facebook.com/groups/vnmemes/permalink/3115768451890238/,,"['M·∫•y th·∫Øng thua NNN', 'Loc', '168 b√¨nh lu·∫≠n', 'a dcmconms', 'bulling', 't·∫°ch h√¥m qua r·ªìi', 'ƒë√°ng l·∫Ω t√¥i kh√¥ng n√™n', 'ƒë·∫øn vi·ªán d∆∞·ª°ng l√£o', 'Tr·∫£ l·ªùi', '52', '20 gi·ªù']"
5650845808261019,·ªû ƒë√¢y c√≥ mim s·∫°ch: Meme S·∫°ch,2022-07-31 14:07:30,,['Kh√¥ng c√≥ m√¥ t·∫£ ·∫£nh.'],https://m.facebook.com/groups/3162507603761531/permalink/5650845808261019/,,"['THE FASTEST', 'THINGS ON EARTH', 'ecest', 'AIRPLANE', 'CHEETAH', '1', 'T·ªëc ƒë·ªô comment c·ªßa', 'mem trong group n√†y', 'SPEED OF LIGHT']"
298347906009967,,2023-08-07 20:16:51,,['Kh√¥ng c√≥ m√¥ t·∫£ ·∫£nh.'],https://m.facebook.com/groups/vnmeme/permalink/298347906009967/,,"['Th√°t S∆°n Huy·ªÅn Bi', 'c√¢u chuy·ªán tho√°t khoi', 'remind', '√¥ng √∫t tho√°t kh·ªüi remind', 'Binh ng√†y nghuy√™n cuu']"
980057459344464,,2022-05-01 19:47:20,,['Kh√¥ng c√≥ m√¥ t·∫£ ·∫£nh.'],https://m.facebook.com/groups/vietnammemes/permalink/980057459344464/,,"['Messenger', 'b√¢y gi·ªù', 'B·∫°n c√≥ th√¥ng b√°o m·ªõi.', 'Nguy·ªÖn Phong Qu√¢n', 'Nguy·ªÖn Phong Qu√¢n', 'Thembanise', '00 Nh·∫•n t√≠n', 'T·ª´ng h·ªçc t·∫°i Cao ƒê·∫±ng H·∫£i D∆∞∆°ng', 'S·ªëng t·∫°i H·∫£i D∆∞∆°ng', 'ƒê·∫øn t·ª´ H√†i D∆∞∆°ng', 'Xem th√¥ng t√≠n gi·ªõi thi·ªáu c·ªßa Phong Qu·∫ßn', 'ƒê√¢y l√† ch√°u c√¥ ƒë√∫ng k·∫°i', 'Tin nh·∫Øn ch∆∞a ƒë·ªçc', 'ƒê√∫ng r·ªìi', 'You can now message and call each other and see info like', ""Active Status and when you've read messages"", 'ƒê√°nh d·∫•u l√† ƒë√£ ƒë·ªçc', 'T·∫Øt th√¥ng b√°o', 'L∆∞u tr·ªØ', 'vis']"
3486937091630801,umxinloi,2023-03-31 08:14:44,,['Kh√¥ng c√≥ m√¥ t·∫£ ·∫£nh.'],https://m.facebook.com/groups/tiemtaphoameme/permalink/3486937091630801/,,"['T√¥i m·∫Øc b·ªánh ho√†n h·∫£o v√† s·∫°ch', 's·∫Ω nh∆∞ng t√¥i l·∫°i c·ª±c k√¨ l∆∞·ªùi']"
4637058749639735,Cre : by me Mong ad duy·ªát b√†i,2021-09-13 01:07:52,,['Kh√¥ng c√≥ m√¥ t·∫£ ·∫£nh.'],https://m.facebook.com/groups/3162507603761531/permalink/4637058749639735/,,"['Q', 'loli', 'Mua s·∫Øm', 'T·∫•t c·∫£', 'H√¨nh ·∫£nh']"
5753493061329626,,2022-09-05 20:07:57,,['Kh√¥ng c√≥ m√¥ t·∫£ ·∫£nh.'],https://m.facebook.com/groups/3162507603761531/permalink/5753493061329626/,,"['Arsenal', 'c√¢y l√†m ch·∫≥ng l√™n', 'non', 'LANCHESTS', 'c√¢y ch·ª•m l·∫°i l√™n', 'h√≤n n√∫i cao', 'UNITED']"
7160575047288080,:(,2023-11-03 11:33:03,,"[""C√≥ th·ªÉ l√† h√¨nh minh h·ªça v·ªÅ vƒÉn b·∫£n cho bi·∫øt 'C√≥ b·ªë m·∫π ly d·ªã C√≥ b·ªë m·∫π ƒë√°¬°ng l·∫Ω ra n√™n ly d·ªã nh∆∞ng ·ªü l·∫°i v√¨ con c√°i'""]",https://m.facebook.com/groups/3162507603761531/permalink/7160575047288080/,,"['C√≥ b·ªë m·∫π ly d·ªã', 'C√≥ b·ªë m·∫π ƒë√°ng l·∫Ω ra n√™n', 'ly d·ªã nh∆∞ng ·ªü l·∫°i v√¨ con c√°i']"
3637951366529372,Stl,2023-10-30 21:19:59,,"[""C√≥ th·ªÉ l√† h√¨nh ·∫£nh v·ªÅ 1 ng∆∞·ªùi v√† vƒÉn b·∫£n cho bi·∫øt 'V·∫øt n·ª©t t·∫°i Nam C·ª±c ƒëang ng√†y c√†ng m·ªôt l·ªõn h∆°n. @SimpnMild T·∫•t c·∫£ l√† t·∫°i con s√≥c kia v√† qu·∫£ s√°i c·ªßa n√≥.'""]",https://m.facebook.com/groups/tiemtaphoameme/permalink/3637951366529372/,,"['V·∫øt n·ª©t t·∫°i Nam C·ª±c ƒëang ng√†y c√†ng', 'm·ªôt l·ªõn h∆°n', '0', 'OSimpnMild', 'T·∫•t c·∫£ l√† t·∫°i con s√≥c kia v√† qu·∫£ s·ªìi c·ªßa n√≥']"
7165286313483620,ü´°,2023-11-04 18:00:36,,"['C√≥ th·ªÉ l√† h√¨nh ·∫£nh v·ªÅ \u200e2 ng∆∞·ªùi v√† \u200evƒÉn b·∫£n cho bi·∫øt \'\u200eB·∫≠t max volum khi n√†o 5v5 Volume ◊® Mute ÔøΩ>) B√°c H·ªì ƒê·ªçc ""Tuy√™n Ng√¥n ƒê·ªôc L·∫≠p"" 2/9/1945 B·∫£n ƒê·∫ßy ƒê·ªß Nh·∫•t em hem\u200e\'\u200e\u200e']",https://m.facebook.com/groups/3162507603761531/permalink/7165286313483620/,,"['B·∫≠t max volum khi n√†o', 'volume', 'IVS', 'Mutes', 'B√°c H·ªì ƒê·ªçc Tuy√™n Ng√¥n ƒê·ªôc L·∫≠p 1945', 'B·∫£n ƒê·∫ßy ƒê√∫ Nh·∫•t', 'ABBANDICIONALIZES', 'seminam']"
4207288016030460,,2021-06-12 19:44:42,,['Kh√¥ng c√≥ m√¥ t·∫£ ·∫£nh.'],https://m.facebook.com/groups/groupnaykhonghevui/permalink/4207288016030460/,,"['ƒëang thua game th√¨ m·ªôt', '130 thi b·∫Øt', 'anh b·∫°n t√™n', '11', 'ƒë·∫ßu v√†o server', 'Odiniswithuu']"
3592907161033793,C√≥ ai d√°m ch√™ ko nh·ªâü§î,2023-08-27 15:33:59,,"[""C√≥ th·ªÉ l√† h√¨nh ·∫£nh v·ªÅ 2 ng∆∞·ªùi v√† vƒÉn b·∫£n cho bi·∫øt 'ƒê√ÇYL√Ä ANDRE RUSH, √îNG L√Ä B·∫æP TR∆Ø·ªûNG C·ª¶A NH√Ä TR·∫ÆNG NƒÇM 2018. ƒê∆Ø·ª¢C BI·∫æT TH√å CH∆ØA AI D√ÅM CHE NH·ªÆNG M√ÉN M√Ä √îNG N·∫§U FastingeA.D.c CHEF USP CHEP RUSH'""]",https://m.facebook.com/groups/tiemtaphoameme/permalink/3592907161033793/,,"['ƒê√ÇY L√Ä ANDRE RUSH, √îNG L√Ä B·∫æP TR∆Ø·ªûNG', 'P', 'C·ª¶A NH√Ä TR·∫ÆNG NƒÇM 2018. ƒê∆Ø·ª¢C BI·∫æT TH√å', '0', 'CH∆ØA AI D√ÅM CH√ä NH·ªÆNG M√ìN M√Ä √îNG N·∫§U', 'oc', 'chiffer', 'Chir mut']"
3575775529413623,,2023-08-03 17:58:55,,['Kh√¥ng c√≥ m√¥ t·∫£ ·∫£nh.'],https://m.facebook.com/groups/tiemtaphoameme/permalink/3575775529413623/,,"['Con trai sau khi', 'N√≥i √¥, d·ªã h·ªè, gh√™ d·ªã tr·ª´i, ch√©t nha', 'con di chui ui hong']"
848028456231865,Nh√≥m 10k th√†nh vi√™n m√† kh√¥ng c√≥ n·ªïi 1 ng∆∞·ªùi ƒëƒÉng b√†i v·∫≠y ? T∆∞∆°ng t√°c l·∫°i v·ªõi nh√≥m ƒëi m·ªçi ng∆∞·ªùi. Xin l·ªói m·ªçi ng∆∞·ªùi n·∫øu c√≥ phi·ªÅn nh√© @m·ªçi ng∆∞·ªùi,2022-11-11 20:31:01,,['Kh√¥ng c√≥ m√¥ t·∫£ ·∫£nh.'],https://m.facebook.com/groups/551218279246219/permalink/848028456231865/,,['Cho em 10 meme m·ªõi nh·∫•t)']
298884265956331,Chit chit chit,2023-08-08 20:39:45,,['Kh√¥ng c√≥ m√¥ t·∫£ ·∫£nh.'],https://m.facebook.com/groups/vnmeme/permalink/298884265956331/,,"['L·ªãch chit', 'vk', 'sat', 'wed thurs', 'tues', 'fri', 'sun', 'mon', 'ban', 'chit', 'ban', 'chit', 'ban', 'tha', 'chit', 'tum lum vao trong banh noc', 'tan bao', 'gon gang', 'nhe nhang']"
